abstract_sku,concrete_sku,price_type,store,currency,value_net,value_gross,price_data.volume_prices
M61240,,DEFAULT,DE,EUR,15493,18437,
M61240,,DEFAULT,DE,CHF,17662,21018,
M61240,,ORIGINAL,DE,EUR,17214,20485,
M61240,,ORIGINAL,DE,CHF,19624,23353,
,100107,DEFAULT,DE,EUR,15493,18437,
,100107,DEFAULT,DE,CHF,17662,21018,
,100107,ORIGINAL,DE,EUR,17214,20485,
,100107,ORIGINAL,DE,CHF,19624,23353,
C2235,,DEFAULT,DE,EUR,7972,9487,
C2235,,DEFAULT,DE,CHF,9088,10815,
C2235,,ORIGINAL,DE,EUR,8857,10541,
C2235,,ORIGINAL,DE,CHF,10097,12016,
,1001454,DEFAULT,DE,EUR,7972,9487,
,1001454,DEFAULT,DE,CHF,9088,10815,
,1001454,ORIGINAL,DE,EUR,8857,10541,
,1001454,ORIGINAL,DE,CHF,10097,12016,
,100223,DEFAULT,DE,EUR,17741,21112,
,100223,DEFAULT,DE,CHF,20224,24067,
,100223,ORIGINAL,DE,EUR,19712,23457,
,100223,ORIGINAL,DE,CHF,22471,26741,
M770,,DEFAULT,DE,EUR,26228,31212,
M770,,DEFAULT,DE,CHF,29899,35581,
M770,,ORIGINAL,DE,EUR,29142,34680,
M770,,ORIGINAL,DE,CHF,33221,39534,
,100266,DEFAULT,DE,EUR,26228,31212,
,100266,DEFAULT,DE,CHF,29899,35581,
,100266,ORIGINAL,DE,EUR,29142,34680,
,100266,ORIGINAL,DE,CHF,33221,39534,
M634,,DEFAULT,DE,EUR,133359,158697,
M634,,DEFAULT,DE,CHF,152029,180914,
M634,,ORIGINAL,DE,EUR,148176,176330,
M634,,ORIGINAL,DE,CHF,168921,201015,
,100288,DEFAULT,DE,EUR,133359,158697,
,100288,DEFAULT,DE,CHF,152029,180914,
,100288,ORIGINAL,DE,EUR,148176,176330,
,100288,ORIGINAL,DE,CHF,168921,201015,
M10569,,DEFAULT,DE,EUR,28162,33513,
M10569,,DEFAULT,DE,CHF,32104,38204,
M10569,,ORIGINAL,DE,EUR,31291,37236,
M10569,,ORIGINAL,DE,CHF,35671,42448,
,100414,DEFAULT,DE,EUR,28162,33513,
,100414,DEFAULT,DE,CHF,32104,38204,
,100414,ORIGINAL,DE,EUR,31291,37236,
,100414,ORIGINAL,DE,CHF,35671,42448,
M39654,,DEFAULT,DE,EUR,7028,8364,
M39654,,DEFAULT,DE,CHF,8011,9534,
M39654,,ORIGINAL,DE,EUR,7808,9293,
M39654,,ORIGINAL,DE,CHF,8901,10593,
,100429,DEFAULT,DE,EUR,7028,8364,
,100429,DEFAULT,DE,CHF,8011,9534,
,100429,ORIGINAL,DE,EUR,7808,9293,
,100429,ORIGINAL,DE,CHF,8901,10593,
M11222,,DEFAULT,DE,EUR,11497,13682,
M11222,,DEFAULT,DE,CHF,13106,15597,
M11222,,ORIGINAL,DE,EUR,12774,15202,
M11222,,ORIGINAL,DE,CHF,14562,17330,
,100430,DEFAULT,DE,EUR,11497,13682,
,100430,DEFAULT,DE,CHF,13106,15597,
,100430,ORIGINAL,DE,EUR,12774,15202,
,100430,ORIGINAL,DE,CHF,14562,17330,
M2393,,DEFAULT,DE,EUR,10312,12272,
M2393,,DEFAULT,DE,CHF,11755,13990,
M2393,,ORIGINAL,DE,EUR,11457,13635,
M2393,,ORIGINAL,DE,CHF,13061,15544,
,100588,DEFAULT,DE,EUR,10312,12272,
,100588,DEFAULT,DE,CHF,11755,13990,
,100588,ORIGINAL,DE,EUR,11457,13635,
,100588,ORIGINAL,DE,CHF,13061,15544,
M45050,,DEFAULT,DE,EUR,24245,28852,
M45050,,DEFAULT,DE,CHF,27639,32891,
M45050,,ORIGINAL,DE,EUR,26938,32057,
M45050,,ORIGINAL,DE,CHF,30710,36545,
,100666,DEFAULT,DE,EUR,24245,28852,
,100666,DEFAULT,DE,CHF,27639,32891,
,100666,ORIGINAL,DE,EUR,26938,32057,
,100666,ORIGINAL,DE,CHF,30710,36545,
M302,,DEFAULT,DE,EUR,10446,12431,
M302,,DEFAULT,DE,CHF,11908,14171,
M302,,ORIGINAL,DE,EUR,11606,13812,
M302,,ORIGINAL,DE,CHF,13231,15745,
,100682,DEFAULT,DE,EUR,10446,12431,
,100682,DEFAULT,DE,CHF,11908,14171,
,100682,ORIGINAL,DE,EUR,11606,13812,
,100682,ORIGINAL,DE,CHF,13231,15745,
M75601,,DEFAULT,DE,EUR,12978,15444,
M75601,,DEFAULT,DE,CHF,14794,17606,
M75601,,ORIGINAL,DE,EUR,14420,17160,
M75601,,ORIGINAL,DE,CHF,16437,19562,
,100683,DEFAULT,DE,EUR,12978,15444,
,100683,DEFAULT,DE,CHF,14794,17606,
,100683,ORIGINAL,DE,EUR,14420,17160,
,100683,ORIGINAL,DE,CHF,16437,19562,
M53238,,DEFAULT,DE,EUR,19117,22750,
M53238,,DEFAULT,DE,CHF,21793,25934,
M53238,,ORIGINAL,DE,EUR,21241,25277,
M53238,,ORIGINAL,DE,CHF,24214,28815,
,100907,DEFAULT,DE,EUR,19117,22750,
,100907,DEFAULT,DE,CHF,21793,25934,
,100907,ORIGINAL,DE,EUR,21241,25277,
,100907,ORIGINAL,DE,CHF,24214,28815,
M53331,,DEFAULT,DE,EUR,15741,18731,
M53331,,DEFAULT,DE,CHF,17944,21353,
M53331,,ORIGINAL,DE,EUR,17490,20812,
M53331,,ORIGINAL,DE,CHF,19937,23725,
,100949,DEFAULT,DE,EUR,15741,18731,
,100949,DEFAULT,DE,CHF,17944,21353,
,100949,ORIGINAL,DE,EUR,17490,20812,
,100949,ORIGINAL,DE,CHF,19937,23725,
M49344,,DEFAULT,DE,EUR,14068,16741,
M49344,,DEFAULT,DE,CHF,16037,19084,
M49344,,ORIGINAL,DE,EUR,15631,18601,
M49344,,ORIGINAL,DE,CHF,17818,21204,
,100999,DEFAULT,DE,EUR,14068,16741,
,100999,DEFAULT,DE,CHF,16037,19084,
,100999,ORIGINAL,DE,EUR,15631,18601,
,100999,ORIGINAL,DE,CHF,17818,21204,
M49207,,DEFAULT,DE,EUR,37836,45024,
M49207,,DEFAULT,DE,CHF,43133,51327,
M49207,,ORIGINAL,DE,EUR,42040,50026,
M49207,,ORIGINAL,DE,CHF,47925,57030,
,101007,DEFAULT,DE,EUR,37836,45024,
,101007,DEFAULT,DE,CHF,43133,51327,
,101007,ORIGINAL,DE,EUR,42040,50026,
,101007,ORIGINAL,DE,CHF,47925,57030,
M53235,,DEFAULT,DE,EUR,33715,40120,
M53235,,DEFAULT,DE,CHF,38435,45736,
M53235,,ORIGINAL,DE,EUR,37461,44577,
M53235,,ORIGINAL,DE,CHF,42705,50817,
,101102,DEFAULT,DE,EUR,33715,40120,
,101102,DEFAULT,DE,CHF,38435,45736,
,101102,ORIGINAL,DE,EUR,37461,44577,
,101102,ORIGINAL,DE,CHF,42705,50817,
M731,,DEFAULT,DE,EUR,30477,36267,
M731,,DEFAULT,DE,CHF,34743,41344,
M731,,ORIGINAL,DE,EUR,33863,40296,
M731,,ORIGINAL,DE,CHF,38603,45937,
,101171,DEFAULT,DE,EUR,30477,36267,
,101171,DEFAULT,DE,CHF,34743,41344,
,101171,ORIGINAL,DE,EUR,33863,40296,
,101171,ORIGINAL,DE,CHF,38603,45937,
M1028038,,DEFAULT,DE,EUR,16854,20057,
M1028038,,DEFAULT,DE,CHF,19213,22864,
M1028038,,ORIGINAL,DE,EUR,18726,22285,
M1028038,,ORIGINAL,DE,CHF,21347,25404,
,101172,DEFAULT,DE,EUR,16854,20057,
,101172,DEFAULT,DE,CHF,19213,22864,
,101172,ORIGINAL,DE,EUR,18726,22285,
,101172,ORIGINAL,DE,CHF,21347,25404,
M2495,,DEFAULT,DE,EUR,16146,19214,
M2495,,DEFAULT,DE,CHF,18406,21903,
M2495,,ORIGINAL,DE,EUR,17940,21348,
M2495,,ORIGINAL,DE,CHF,20451,24336,
,101226,DEFAULT,DE,EUR,16146,19214,
,101226,DEFAULT,DE,CHF,18406,21903,
,101226,ORIGINAL,DE,EUR,17940,21348,
,101226,ORIGINAL,DE,CHF,20451,24336,
M11480,,DEFAULT,DE,EUR,19143,22780,
M11480,,DEFAULT,DE,CHF,21823,25969,
M11480,,ORIGINAL,DE,EUR,21270,25311,
M11480,,ORIGINAL,DE,CHF,24247,28854,
,101441,DEFAULT,DE,EUR,19143,22780,
,101441,DEFAULT,DE,CHF,21823,25969,
,101441,ORIGINAL,DE,EUR,21270,25311,
,101441,ORIGINAL,DE,CHF,24247,28854,
M1014948,,DEFAULT,DE,EUR,18482,21993,
M1014948,,DEFAULT,DE,CHF,21069,25072,
M1014948,,ORIGINAL,DE,EUR,20535,24436,
M1014948,,ORIGINAL,DE,CHF,23410,27857,
,101509,DEFAULT,DE,EUR,18482,21993,
,101509,DEFAULT,DE,CHF,21069,25072,
,101509,ORIGINAL,DE,EUR,20535,24436,
,101509,ORIGINAL,DE,CHF,23410,27857,
M64933,,DEFAULT,DE,EUR,11503,13689,
M64933,,DEFAULT,DE,CHF,13113,15605,
M64933,,ORIGINAL,DE,EUR,12781,15210,
M64933,,ORIGINAL,DE,CHF,14570,17338,
,101515,DEFAULT,DE,EUR,11503,13689,
,101515,DEFAULT,DE,CHF,13113,15605,
,101515,ORIGINAL,DE,EUR,12781,15210,
,101515,ORIGINAL,DE,CHF,14570,17338,
M39658,,DEFAULT,DE,EUR,19188,22834,
M39658,,DEFAULT,DE,CHF,21874,26030,
M39658,,ORIGINAL,DE,EUR,21320,25371,
M39658,,ORIGINAL,DE,CHF,24304,28922,
,101560,DEFAULT,DE,EUR,19188,22834,
,101560,DEFAULT,DE,CHF,21874,26030,
,101560,ORIGINAL,DE,EUR,21320,25371,
,101560,ORIGINAL,DE,CHF,24304,28922,
M15226,,DEFAULT,DE,EUR,21448,25523,
M15226,,DEFAULT,DE,CHF,24450,29096,
M15226,,ORIGINAL,DE,EUR,23831,28358,
M15226,,ORIGINAL,DE,CHF,27166,32328,
,101759,DEFAULT,DE,EUR,21448,25523,
,101759,DEFAULT,DE,CHF,24450,29096,
,101759,ORIGINAL,DE,EUR,23831,28358,
,101759,ORIGINAL,DE,CHF,27166,32328,
M79890,,DEFAULT,DE,EUR,10988,13076,
M79890,,DEFAULT,DE,CHF,12526,14906,
M79890,,ORIGINAL,DE,EUR,12208,14528,
M79890,,ORIGINAL,DE,CHF,13917,16562,
,101828,DEFAULT,DE,EUR,10988,13076,
,101828,DEFAULT,DE,CHF,12526,14906,
,101828,ORIGINAL,DE,EUR,12208,14528,
,101828,ORIGINAL,DE,CHF,13917,16562,
M74972,,DEFAULT,DE,EUR,33018,39292,
M74972,,DEFAULT,DE,CHF,37640,44792,
M74972,,ORIGINAL,DE,EUR,36686,43657,
M74972,,ORIGINAL,DE,CHF,41822,49768,
,101863,DEFAULT,DE,EUR,33018,39292,
,101863,DEFAULT,DE,CHF,37640,44792,
,101863,ORIGINAL,DE,EUR,36686,43657,
,101863,ORIGINAL,DE,CHF,41822,49768,
M74974,,DEFAULT,DE,EUR,43228,51441,
M74974,,DEFAULT,DE,CHF,49279,58642,
M74974,,ORIGINAL,DE,EUR,48031,57156,
M74974,,ORIGINAL,DE,CHF,54754,65157,
,101865,DEFAULT,DE,EUR,43228,51441,
,101865,DEFAULT,DE,CHF,49279,58642,
,101865,ORIGINAL,DE,EUR,48031,57156,
,101865,ORIGINAL,DE,CHF,54754,65157,
M74907,,DEFAULT,DE,EUR,59729,71077,
M74907,,DEFAULT,DE,CHF,68091,81027,
M74907,,ORIGINAL,DE,EUR,66365,78974,
M74907,,ORIGINAL,DE,CHF,75656,90030,
,101940,DEFAULT,DE,EUR,59729,71077,
,101940,DEFAULT,DE,CHF,68091,81027,
,101940,ORIGINAL,DE,EUR,66365,78974,
,101940,ORIGINAL,DE,CHF,75656,90030,
M1018212,,DEFAULT,DE,EUR,43012,51185,
M1018212,,DEFAULT,DE,CHF,49033,58350,
M1018212,,ORIGINAL,DE,EUR,47791,56872,
M1018212,,ORIGINAL,DE,CHF,54481,64833,
,102121,DEFAULT,DE,EUR,43012,51185,
,102121,DEFAULT,DE,CHF,49033,58350,
,102121,ORIGINAL,DE,EUR,47791,56872,
,102121,ORIGINAL,DE,CHF,54481,64833,
M58035,,DEFAULT,DE,EUR,27303,32491,
M58035,,DEFAULT,DE,CHF,31125,37039,
M58035,,ORIGINAL,DE,EUR,30336,36101,
M58035,,ORIGINAL,DE,CHF,34583,41154,
,102124,DEFAULT,DE,EUR,27303,32491,
,102124,DEFAULT,DE,CHF,31125,37039,
,102124,ORIGINAL,DE,EUR,30336,36101,
,102124,ORIGINAL,DE,CHF,34583,41154,
,102126,DEFAULT,DE,EUR,26602,31657,
,102126,DEFAULT,DE,CHF,30326,36088,
,102126,ORIGINAL,DE,EUR,29557,35174,
,102126,ORIGINAL,DE,CHF,33695,40097,
,102128,DEFAULT,DE,EUR,31619,37627,
,102128,DEFAULT,DE,CHF,36045,42894,
,102128,ORIGINAL,DE,EUR,35132,41807,
,102128,ORIGINAL,DE,CHF,40050,47660,
,102130,DEFAULT,DE,EUR,32549,38733,
,102130,DEFAULT,DE,CHF,37105,44155,
,102130,ORIGINAL,DE,EUR,36165,43036,
,102130,ORIGINAL,DE,CHF,41227,49061,
M58100,,DEFAULT,DE,EUR,26476,31506,
M58100,,DEFAULT,DE,CHF,30182,35916,
M58100,,ORIGINAL,DE,EUR,29417,35006,
M58100,,ORIGINAL,DE,CHF,33535,39906,
,102169,DEFAULT,DE,EUR,26476,31506,
,102169,DEFAULT,DE,CHF,30182,35916,
,102169,ORIGINAL,DE,EUR,29417,35006,
,102169,ORIGINAL,DE,CHF,33535,39906,
M58095,,DEFAULT,DE,EUR,15360,18279,
M58095,,DEFAULT,DE,CHF,17510,20838,
M58095,,ORIGINAL,DE,EUR,17066,20310,
M58095,,ORIGINAL,DE,CHF,19455,23153,
,102177,DEFAULT,DE,EUR,15360,18279,
,102177,DEFAULT,DE,CHF,17510,20838,
,102177,ORIGINAL,DE,EUR,17066,20310,
,102177,ORIGINAL,DE,CHF,19455,23153,
M58102,,DEFAULT,DE,EUR,16840,20040,
M58102,,DEFAULT,DE,CHF,19197,22845,
,102180,DEFAULT,DE,EUR,16840,20040,
,102180,DEFAULT,DE,CHF,19197,22845,
M58103,,DEFAULT,DE,EUR,16840,20040,
M58103,,DEFAULT,DE,CHF,19197,22845,
,102181,DEFAULT,DE,EUR,16840,20040,
,102181,DEFAULT,DE,CHF,19197,22845,
M58104,,DEFAULT,DE,EUR,16840,20040,
M58104,,DEFAULT,DE,CHF,19197,22845,
,102182,DEFAULT,DE,EUR,16840,20040,
,102182,DEFAULT,DE,CHF,19197,22845,
M58105,,DEFAULT,DE,EUR,16840,20040,
M58105,,DEFAULT,DE,CHF,19197,22845,
,102183,DEFAULT,DE,EUR,16840,20040,
,102183,DEFAULT,DE,CHF,19197,22845,
M61124,,DEFAULT,DE,EUR,15472,18411,
M61124,,DEFAULT,DE,CHF,17638,20988,
,102708,DEFAULT,DE,EUR,15472,18411,
,102708,DEFAULT,DE,CHF,17638,20988,
M61125,,DEFAULT,DE,EUR,18285,21759,
M61125,,DEFAULT,DE,CHF,20844,24805,
,102712,DEFAULT,DE,EUR,18285,21759,
,102712,DEFAULT,DE,CHF,20844,24805,
M53287,,DEFAULT,DE,EUR,12658,15064,
M53287,,DEFAULT,DE,CHF,14430,17172,
,102775,DEFAULT,DE,EUR,12658,15064,
,102775,DEFAULT,DE,CHF,14430,17172,
M53288,,DEFAULT,DE,EUR,13034,15510,
M53288,,DEFAULT,DE,CHF,14858,17681,
,102779,DEFAULT,DE,EUR,13034,15510,
,102779,DEFAULT,DE,CHF,14858,17681,
M226,,DEFAULT,DE,EUR,39102,46531,
M226,,DEFAULT,DE,CHF,44576,53045,
,102809,DEFAULT,DE,EUR,39102,46531,
,102809,DEFAULT,DE,CHF,44576,53045,
M62584,,DEFAULT,DE,EUR,16784,19973,
M62584,,DEFAULT,DE,CHF,19133,22769,
,102841,DEFAULT,DE,EUR,16784,19973,
,102841,DEFAULT,DE,CHF,19133,22769,
M766,,DEFAULT,DE,EUR,19222,22875,
M766,,DEFAULT,DE,CHF,21913,26077,
,102917,DEFAULT,DE,EUR,19222,22875,
,102917,DEFAULT,DE,CHF,21913,26077,
M767,,DEFAULT,DE,EUR,19832,23600,
M767,,DEFAULT,DE,CHF,22608,26903,
,102918,DEFAULT,DE,EUR,19832,23600,
,102918,DEFAULT,DE,CHF,22608,26903,
M768,,DEFAULT,DE,EUR,21660,25776,
M768,,DEFAULT,DE,CHF,24692,29384,
,102919,DEFAULT,DE,EUR,21660,25776,
,102919,DEFAULT,DE,CHF,24692,29384,
M769,,DEFAULT,DE,EUR,23161,27561,
M769,,DEFAULT,DE,CHF,26403,31419,
,102920,DEFAULT,DE,EUR,23161,27561,
,102920,DEFAULT,DE,CHF,26403,31419,
M771,,DEFAULT,DE,EUR,25036,29793,
M771,,DEFAULT,DE,CHF,28541,33964,
,102922,DEFAULT,DE,EUR,25036,29793,
,102922,DEFAULT,DE,CHF,28541,33964,
M787,,DEFAULT,DE,EUR,23254,27673,
M787,,DEFAULT,DE,CHF,26509,31547,
,102923,DEFAULT,DE,EUR,23254,27673,
,102923,DEFAULT,DE,CHF,26509,31547,
M788,,DEFAULT,DE,EUR,24849,29570,
M788,,DEFAULT,DE,CHF,28327,33709,
,102924,DEFAULT,DE,EUR,24849,29570,
,102924,DEFAULT,DE,CHF,28327,33709,
M789,,DEFAULT,DE,EUR,25411,30239,
M789,,DEFAULT,DE,CHF,28968,34472,
,102925,DEFAULT,DE,EUR,25411,30239,
,102925,DEFAULT,DE,CHF,28968,34472,
,102935,DEFAULT,DE,EUR,12864,15308,
,102935,DEFAULT,DE,CHF,14664,17451,
,102936,DEFAULT,DE,EUR,14675,17463,
,102936,DEFAULT,DE,CHF,16729,19907,
,102938,DEFAULT,DE,EUR,17441,20755,
,102938,DEFAULT,DE,CHF,19882,23660,
,102939,DEFAULT,DE,EUR,18472,21982,
,102939,DEFAULT,DE,CHF,21058,25059,
M719,,DEFAULT,DE,EUR,19270,22931,
M719,,DEFAULT,DE,CHF,21967,26141,
,102940,DEFAULT,DE,EUR,19270,22931,
,102940,DEFAULT,DE,CHF,21967,26141,
M72878,,DEFAULT,DE,EUR,18911,22504,
M72878,,DEFAULT,DE,CHF,21558,25654,
,102972,DEFAULT,DE,EUR,18911,22504,
,102972,DEFAULT,DE,CHF,21558,25654,
M64947,,DEFAULT,DE,EUR,13277,15800,
M64947,,DEFAULT,DE,CHF,15135,18012,
,102976,DEFAULT,DE,EUR,13277,15800,
,102976,DEFAULT,DE,CHF,15135,18012,
M64934,,DEFAULT,DE,EUR,20535,24437,
M64934,,DEFAULT,DE,CHF,23409,27858,
,102988,DEFAULT,DE,EUR,20535,24437,
,102988,DEFAULT,DE,CHF,23409,27858,
M40490,,DEFAULT,DE,EUR,26161,31132,
M40490,,DEFAULT,DE,CHF,29823,35490,
,103117,DEFAULT,DE,EUR,26161,31132,
,103117,DEFAULT,DE,CHF,29823,35490,
M40491,,DEFAULT,DE,EUR,33663,40059,
M40491,,DEFAULT,DE,CHF,38375,45667,
,103118,DEFAULT,DE,EUR,33663,40059,
,103118,DEFAULT,DE,CHF,38375,45667,
M11306,,DEFAULT,DE,EUR,15059,17920,
M11306,,DEFAULT,DE,CHF,17167,20428,
,103235,DEFAULT,DE,EUR,15059,17920,
,103235,DEFAULT,DE,CHF,17167,20428,
M74815,,DEFAULT,DE,EUR,17722,21089,
M74815,,DEFAULT,DE,CHF,20203,24041,
,103296,DEFAULT,DE,EUR,17722,21089,
,103296,DEFAULT,DE,CHF,20203,24041,
M66923,,DEFAULT,DE,EUR,9339,11113,
M66923,,DEFAULT,DE,CHF,10646,12668,
,103388,DEFAULT,DE,EUR,9339,11113,
,103388,DEFAULT,DE,CHF,10646,12668,
M69408,,DEFAULT,DE,EUR,21285,25330,
M69408,,DEFAULT,DE,CHF,24264,28876,
,103510,DEFAULT,DE,EUR,21285,25330,
,103510,DEFAULT,DE,CHF,24264,28876,
M1028049,,DEFAULT,DE,EUR,28037,33364,
M1028049,,DEFAULT,DE,CHF,31962,38034,
,103740,DEFAULT,DE,EUR,28037,33364,
,103740,DEFAULT,DE,CHF,31962,38034,
M72844,,DEFAULT,DE,EUR,64607,76882,
M72844,,DEFAULT,DE,CHF,73651,87645,
,103836,DEFAULT,DE,EUR,64607,76882,
,103836,DEFAULT,DE,CHF,73651,87645,
M72843,,DEFAULT,DE,EUR,43040,51218,
M72843,,DEFAULT,DE,CHF,49065,58388,
,103838,DEFAULT,DE,EUR,43040,51218,
,103838,DEFAULT,DE,CHF,49065,58388,
M72937,,DEFAULT,DE,EUR,49791,59252,
M72937,,DEFAULT,DE,CHF,56761,67547,
,103889,DEFAULT,DE,EUR,49791,59252,
,103889,DEFAULT,DE,CHF,56761,67547,
M72938,,DEFAULT,DE,EUR,51573,61372,
M72938,,DEFAULT,DE,CHF,58793,69964,
,103890,DEFAULT,DE,EUR,51573,61372,
,103890,DEFAULT,DE,CHF,58793,69964,
M72933,,DEFAULT,DE,EUR,39993,47592,
M72933,,DEFAULT,DE,CHF,45592,54254,
,103905,DEFAULT,DE,EUR,39993,47592,
,103905,DEFAULT,DE,CHF,45592,54254,
M72935,,DEFAULT,DE,EUR,41774,49712,
M72935,,DEFAULT,DE,CHF,47622,56671,
,103907,DEFAULT,DE,EUR,41774,49712,
,103907,DEFAULT,DE,CHF,47622,56671,
M26831,,DEFAULT,DE,EUR,64607,76882,
M26831,,DEFAULT,DE,CHF,73651,87645,
,104074,DEFAULT,DE,EUR,64607,76882,
,104074,DEFAULT,DE,CHF,73651,87645,
M10577,,DEFAULT,DE,EUR,8223,9785,
M10577,,DEFAULT,DE,CHF,9374,11154,
,104151,DEFAULT,DE,EUR,8223,9785,
,104151,DEFAULT,DE,CHF,9374,11154,
M10871,,DEFAULT,DE,EUR,9648,11482,
M10871,,DEFAULT,DE,CHF,10998,13089,
,104190,DEFAULT,DE,EUR,9648,11482,
,104190,DEFAULT,DE,CHF,10998,13089,
M10872,,DEFAULT,DE,EUR,10239,12185,
M10872,,DEFAULT,DE,CHF,11672,13890,
,104192,DEFAULT,DE,EUR,10239,12185,
,104192,DEFAULT,DE,CHF,11672,13890,
M11473,,DEFAULT,DE,EUR,10605,12620,
M11473,,DEFAULT,DE,CHF,12089,14386,
,104440,DEFAULT,DE,EUR,10605,12620,
,104440,DEFAULT,DE,CHF,12089,14386,
M75071,,DEFAULT,DE,EUR,19464,23163,
M75071,,DEFAULT,DE,CHF,22188,26405,
,104445,DEFAULT,DE,EUR,19464,23163,
,104445,DEFAULT,DE,CHF,22188,26405,
M11542,,DEFAULT,DE,EUR,9648,11482,
M11542,,DEFAULT,DE,CHF,10998,13089,
M11542,,ORIGINAL,DE,EUR,10720,12757,
M11542,,ORIGINAL,DE,CHF,12220,14543,
,104517,DEFAULT,DE,EUR,9648,11482,
,104517,DEFAULT,DE,CHF,10998,13089,
,104517,ORIGINAL,DE,EUR,10720,12757,
,104517,ORIGINAL,DE,CHF,12220,14543,
M2365,,DEFAULT,DE,EUR,23817,28342,
M2365,,DEFAULT,DE,CHF,27151,32309,
,104523,DEFAULT,DE,EUR,23817,28342,
,104523,DEFAULT,DE,CHF,27151,32309,
M2366,,DEFAULT,DE,EUR,25656,30531,
M2366,,DEFAULT,DE,CHF,29247,34805,
,104524,DEFAULT,DE,EUR,25656,30531,
,104524,DEFAULT,DE,CHF,29247,34805,
M526,,DEFAULT,DE,EUR,26622,31680,
M526,,DEFAULT,DE,CHF,30349,36115,
,104937,DEFAULT,DE,EUR,26622,31680,
,104937,DEFAULT,DE,CHF,30349,36115,
M528,,DEFAULT,DE,EUR,27634,32884,
M528,,DEFAULT,DE,CHF,31502,37487,
M528,,ORIGINAL,DE,EUR,30704,36537,
M528,,ORIGINAL,DE,CHF,35002,41652,
,104939,DEFAULT,DE,EUR,27634,32884,
,104939,DEFAULT,DE,CHF,31502,37487,
,104939,ORIGINAL,DE,EUR,30704,36537,
,104939,ORIGINAL,DE,CHF,35002,41652,
M79892,,DEFAULT,DE,EUR,12114,14416,
M79892,,DEFAULT,DE,CHF,13809,16434,
,107061,DEFAULT,DE,EUR,12114,14416,
,107061,DEFAULT,DE,CHF,13809,16434,
M79932,,DEFAULT,DE,EUR,8356,9944,
M79932,,DEFAULT,DE,CHF,9525,11336,
,107063,DEFAULT,DE,EUR,8356,9944,
,107063,DEFAULT,DE,CHF,9525,11336,
M80392,,DEFAULT,DE,EUR,17083,20329,
M80392,,DEFAULT,DE,CHF,19474,23175,
,107253,DEFAULT,DE,EUR,17083,20329,
,107253,DEFAULT,DE,CHF,19474,23175,
,107252,DEFAULT,DE,EUR,18791,22361,
,107252,DEFAULT,DE,CHF,21421,25492,
M12655,,DEFAULT,DE,EUR,17083,20329,
M12655,,DEFAULT,DE,CHF,19474,23175,
,107254,DEFAULT,DE,EUR,17083,20329,
,107254,DEFAULT,DE,CHF,19474,23175,
M12656,,DEFAULT,DE,EUR,20190,24026,
M12656,,DEFAULT,DE,CHF,23016,27389,
,107255,DEFAULT,DE,EUR,20190,24026,
,107255,DEFAULT,DE,CHF,23016,27389,
M87416,,DEFAULT,DE,EUR,37671,44829,
M87416,,DEFAULT,DE,CHF,42944,51105,
,107273,DEFAULT,DE,EUR,37671,44829,
,107273,DEFAULT,DE,CHF,42944,51105,
M87599,,DEFAULT,DE,EUR,65135,77510,
M87599,,DEFAULT,DE,CHF,74253,88361,
,107287,DEFAULT,DE,EUR,65135,77510,
,107287,DEFAULT,DE,CHF,74253,88361,
M213,,DEFAULT,DE,EUR,23940,28488,
M213,,DEFAULT,DE,CHF,27291,32476,
,107305,DEFAULT,DE,EUR,23940,28488,
,107305,DEFAULT,DE,CHF,27291,32476,
M229,,DEFAULT,DE,EUR,31664,37680,
M229,,DEFAULT,DE,CHF,36096,42955,
,107306,DEFAULT,DE,EUR,31664,37680,
,107306,DEFAULT,DE,CHF,36096,42955,
M14054,,DEFAULT,DE,EUR,42821,50957,
M14054,,DEFAULT,DE,CHF,48815,58090,
,107310,DEFAULT,DE,EUR,42821,50957,
,107310,DEFAULT,DE,CHF,48815,58090,
M15127,,DEFAULT,DE,EUR,23940,28488,
M15127,,DEFAULT,DE,CHF,27291,32476,
,107311,DEFAULT,DE,EUR,23940,28488,
,107311,DEFAULT,DE,CHF,27291,32476,
M432,,DEFAULT,DE,EUR,54023,64287,
M432,,DEFAULT,DE,CHF,61586,73287,
,107313,DEFAULT,DE,EUR,54023,64287,
,107313,DEFAULT,DE,CHF,61586,73287,
M87464,,DEFAULT,DE,EUR,34238,40744,
M87464,,DEFAULT,DE,CHF,39031,46448,
,107315,DEFAULT,DE,EUR,34238,40744,
,107315,DEFAULT,DE,CHF,39031,46448,
M86939,,DEFAULT,DE,EUR,17977,21393,
M86939,,DEFAULT,DE,CHF,20493,24388,
,107396,DEFAULT,DE,EUR,17977,21393,
,107396,DEFAULT,DE,CHF,20493,24388,
M86938,,DEFAULT,DE,EUR,19784,23543,
M86938,,DEFAULT,DE,CHF,22553,26839,
,107403,DEFAULT,DE,EUR,19784,23543,
,107403,DEFAULT,DE,CHF,22553,26839,
M90851,,DEFAULT,DE,EUR,121465,144544,
M90851,,DEFAULT,DE,CHF,138470,164780,
,107938,DEFAULT,DE,EUR,121465,144544,
,107938,DEFAULT,DE,CHF,138470,164780,
M90810,,DEFAULT,DE,EUR,31664,37680,
M90810,,DEFAULT,DE,CHF,36096,42955,
,108263,DEFAULT,DE,EUR,31664,37680,
,108263,DEFAULT,DE,CHF,36096,42955,
M90737,,DEFAULT,DE,EUR,14508,17264,
M90737,,DEFAULT,DE,CHF,16539,19680,
,108278,DEFAULT,DE,EUR,14508,17264,
,108278,DEFAULT,DE,CHF,16539,19680,
M90800,,DEFAULT,DE,EUR,29948,35638,
M90800,,DEFAULT,DE,CHF,34140,40627,
,108287,DEFAULT,DE,EUR,29948,35638,
,108287,DEFAULT,DE,CHF,34140,40627,
M90805,,DEFAULT,DE,EUR,44537,52999,
M90805,,DEFAULT,DE,CHF,50772,60418,
,108298,DEFAULT,DE,EUR,44537,52999,
,108298,DEFAULT,DE,CHF,50772,60418,
M90806,,DEFAULT,DE,EUR,55739,66330,
M90806,,DEFAULT,DE,CHF,63542,75616,
,108302,DEFAULT,DE,EUR,55739,66330,
,108302,DEFAULT,DE,CHF,63542,75616,
M1000785,,DEFAULT,DE,EUR,40562,48269,
M1000785,,DEFAULT,DE,CHF,46240,55026,
,212427,DEFAULT,DE,EUR,40562,48269,
,212427,DEFAULT,DE,CHF,46240,55026,
M1000786,,DEFAULT,DE,EUR,12145,14452,
M1000786,,DEFAULT,DE,CHF,13845,16475,
,212440,DEFAULT,DE,EUR,12145,14452,
,212440,DEFAULT,DE,CHF,13845,16475,
M1000838,,DEFAULT,DE,EUR,141288,168133,
M1000838,,DEFAULT,DE,CHF,161068,191671,
,212442,DEFAULT,DE,EUR,141288,168133,
,212442,DEFAULT,DE,CHF,161068,191671,
M1000839,,DEFAULT,DE,EUR,167913,199817,
M1000839,,DEFAULT,DE,CHF,191420,227791,
,212444,DEFAULT,DE,EUR,167913,199817,
,212444,DEFAULT,DE,CHF,191420,227791,
M1000840,,DEFAULT,DE,EUR,266145,316713,
M1000840,,DEFAULT,DE,CHF,303405,361052,
,212447,DEFAULT,DE,EUR,266145,316713,
,212447,DEFAULT,DE,CHF,303405,361052,
M1006484,,DEFAULT,DE,EUR,21256,25295,
M1006484,,DEFAULT,DE,CHF,24231,28836,
,212837,DEFAULT,DE,EUR,21256,25295,
,212837,DEFAULT,DE,CHF,24231,28836,
M1006811,,DEFAULT,DE,EUR,14364,17093,
M1006811,,DEFAULT,DE,CHF,16374,19486,
,213103,DEFAULT,DE,EUR,14364,17093,
,213103,DEFAULT,DE,CHF,16374,19486,
M1006871,,DEFAULT,DE,EUR,24301,28918,
M1006871,,DEFAULT,DE,CHF,27703,32966,
,213216,DEFAULT,DE,EUR,24301,28918,
,213216,DEFAULT,DE,CHF,27703,32966,
M5108,,DEFAULT,DE,EUR,9024,10739,
M5108,,DEFAULT,DE,CHF,10287,12242,
,400065,DEFAULT,DE,EUR,9024,10739,
,400065,DEFAULT,DE,CHF,10287,12242,
M5043,,DEFAULT,DE,EUR,26875,31981,
M5043,,DEFAULT,DE,CHF,30637,36458,
,400072,DEFAULT,DE,EUR,26875,31981,
,400072,DEFAULT,DE,CHF,30637,36458,
M5022,,DEFAULT,DE,EUR,17977,21393,
M5022,,DEFAULT,DE,CHF,20493,24388,
,400074,DEFAULT,DE,EUR,17977,21393,
,400074,DEFAULT,DE,CHF,20493,24388,
M5113,,DEFAULT,DE,EUR,16170,19243,
M5113,,DEFAULT,DE,CHF,18433,21937,
,400434,DEFAULT,DE,EUR,16170,19243,
,400434,DEFAULT,DE,CHF,18433,21937,
M65062,,DEFAULT,DE,EUR,148609,176845,
M65062,,DEFAULT,DE,CHF,169414,201603,
,400855,DEFAULT,DE,EUR,148609,176845,
,400855,DEFAULT,DE,CHF,169414,201603,
M5154,,DEFAULT,DE,EUR,10976,13062,
M5154,,DEFAULT,DE,CHF,12512,14890,
,401627,DEFAULT,DE,EUR,10976,13062,
,401627,DEFAULT,DE,CHF,12512,14890,
M5155,,DEFAULT,DE,EUR,15376,18297,
M5155,,DEFAULT,DE,CHF,17528,20858,
,401629,DEFAULT,DE,EUR,15376,18297,
,401629,DEFAULT,DE,CHF,17528,20858,
M5147,,DEFAULT,DE,EUR,15809,18813,
M5147,,DEFAULT,DE,CHF,18022,21446,
,401768,DEFAULT,DE,EUR,15809,18813,
,401768,DEFAULT,DE,CHF,18022,21446,
M5148,,DEFAULT,DE,EUR,21591,25693,
M5148,,DEFAULT,DE,CHF,24613,29290,
,401781,DEFAULT,DE,EUR,21591,25693,
,401781,DEFAULT,DE,CHF,24613,29290,
M5044,,DEFAULT,DE,EUR,17806,21189,
M5044,,DEFAULT,DE,CHF,20298,24155,
,403006,DEFAULT,DE,EUR,17806,21189,
,403006,DEFAULT,DE,CHF,20298,24155,
M70208,,DEFAULT,DE,EUR,19784,23543,
M70208,,DEFAULT,DE,CHF,22553,26839,
,403125,DEFAULT,DE,EUR,19784,23543,
,403125,DEFAULT,DE,CHF,22553,26839,
M88184,,DEFAULT,DE,EUR,587210,698779,
M88184,,DEFAULT,DE,CHF,669419,796608,
,404108,DEFAULT,DE,EUR,587210,698779,
,404108,DEFAULT,DE,CHF,669419,796608,
M1031236,,DEFAULT,DE,EUR,16712,19888,
M1031236,,DEFAULT,DE,CHF,19051,22672,
,408034,DEFAULT,DE,EUR,16712,19888,
,408034,DEFAULT,DE,CHF,19051,22672,
M1031238,,DEFAULT,DE,EUR,5230,6224,
M1031238,,DEFAULT,DE,CHF,5962,7095,
,408104,DEFAULT,DE,EUR,5230,6224,
,408104,DEFAULT,DE,CHF,5962,7095,
M90799,,DEFAULT,DE,EUR,34238,40744,
M90799,,DEFAULT,DE,CHF,39031,46448,
,410075,DEFAULT,DE,EUR,34238,40744,
,410075,DEFAULT,DE,CHF,39031,46448,
M90802,,DEFAULT,DE,EUR,41963,49936,
M90802,,DEFAULT,DE,CHF,47837,56927,
,410083,DEFAULT,DE,EUR,41963,49936,
,410083,DEFAULT,DE,CHF,47837,56927,
M1024684,,DEFAULT,DE,EUR,53119,63212,
M1024684,,DEFAULT,DE,CHF,60555,72061,
,410090,DEFAULT,DE,EUR,53119,63212,
,410090,DEFAULT,DE,CHF,60555,72061,
M1024689,,DEFAULT,DE,EUR,74620,88798,
M1024689,,DEFAULT,DE,CHF,85066,101229,
,410102,DEFAULT,DE,EUR,74620,88798,
,410102,DEFAULT,DE,CHF,85066,101229,
M90804,,DEFAULT,DE,EUR,23940,28488,
M90804,,DEFAULT,DE,CHF,27291,32476,
,410104,DEFAULT,DE,EUR,23940,28488,
,410104,DEFAULT,DE,CHF,27291,32476,
M1080190,,DEFAULT,DE,EUR,27373,32573,
M1080190,,DEFAULT,DE,CHF,31205,37133,
,411653,DEFAULT,DE,EUR,27373,32573,
,411653,DEFAULT,DE,CHF,31205,37133,
M1079243,,DEFAULT,DE,EUR,17977,21393,
M1079243,,DEFAULT,DE,CHF,20493,24388,
,413849,DEFAULT,DE,EUR,17977,21393,
,413849,DEFAULT,DE,CHF,20493,24388,
M1079219,,DEFAULT,DE,EUR,35142,41819,
M1079219,,DEFAULT,DE,CHF,40061,47673,
,413850,DEFAULT,DE,EUR,35142,41819,
,413850,DEFAULT,DE,CHF,40061,47673,
M1079221,,DEFAULT,DE,EUR,16321,19423,
M1079221,,DEFAULT,DE,CHF,18605,22142,
,413852,DEFAULT,DE,EUR,16321,19423,
,413852,DEFAULT,DE,CHF,18605,22142,
M1079222,,DEFAULT,DE,EUR,28818,34293,
M1079222,,DEFAULT,DE,CHF,32852,39094,
,413854,DEFAULT,DE,EUR,28818,34293,
,413854,DEFAULT,DE,CHF,32852,39094,
M1028375,,DEFAULT,DE,EUR,72904,86756,
M1028375,,DEFAULT,DE,CHF,83110,98901,
,414097,DEFAULT,DE,EUR,72904,86756,
,414097,DEFAULT,DE,CHF,83110,98901,
M1028376,,DEFAULT,DE,EUR,77150,91808,
M1028376,,DEFAULT,DE,CHF,87950,104661,
,414098,DEFAULT,DE,EUR,77150,91808,
,414098,DEFAULT,DE,CHF,87950,104661,
M29455,,DEFAULT,DE,EUR,28818,34293,
M29455,,DEFAULT,DE,CHF,32852,39094,
M29455,,ORIGINAL,DE,EUR,32020,38103,
M29455,,ORIGINAL,DE,CHF,36502,43437,
,419780,DEFAULT,DE,EUR,28818,34293,
,419780,DEFAULT,DE,CHF,32852,39094,
,419780,ORIGINAL,DE,EUR,32020,38103,
,419780,ORIGINAL,DE,CHF,36502,43437,
M29456,,DEFAULT,DE,EUR,22518,26797,
M29456,,DEFAULT,DE,CHF,25670,30548,
,419781,DEFAULT,DE,EUR,22518,26797,
,419781,DEFAULT,DE,CHF,25670,30548,
,419782,DEFAULT,DE,EUR,18014,21437,
,419782,DEFAULT,DE,CHF,20536,24438,
M29468,,DEFAULT,DE,EUR,49842,59312,
M29468,,DEFAULT,DE,CHF,56819,67615,
,419803,DEFAULT,DE,EUR,49842,59312,
,419803,DEFAULT,DE,CHF,56819,67615,
M29499,,DEFAULT,DE,EUR,2817,3352,
M29499,,DEFAULT,DE,CHF,3211,3821,
,419869,DEFAULT,DE,EUR,2817,3352,
,419869,DEFAULT,DE,CHF,3211,3821,
M29501,,DEFAULT,DE,EUR,24402,29039,
M29501,,DEFAULT,DE,CHF,27818,33104,
,419871,DEFAULT,DE,EUR,24402,29039,
,419871,DEFAULT,DE,CHF,27818,33104,
M29502,,DEFAULT,DE,EUR,3288,3912,
M29502,,DEFAULT,DE,CHF,3748,4459,
,419872,DEFAULT,DE,EUR,3288,3912,
,419872,DEFAULT,DE,CHF,3748,4459,
M29503,,DEFAULT,DE,EUR,5172,6155,
M29503,,DEFAULT,DE,CHF,5896,7016,
,419873,DEFAULT,DE,EUR,5172,6155,
,419873,DEFAULT,DE,CHF,5896,7016,
M29504,,DEFAULT,DE,EUR,28171,33524,
M29504,,DEFAULT,DE,CHF,32114,38217,
,419876,DEFAULT,DE,EUR,28171,33524,
,419876,DEFAULT,DE,CHF,32114,38217,
M29507,,DEFAULT,DE,EUR,18749,22312,
M29507,,DEFAULT,DE,CHF,21373,25435,
,419880,DEFAULT,DE,EUR,18749,22312,
,419880,DEFAULT,DE,CHF,21373,25435,
M29523,,DEFAULT,DE,EUR,46073,54827,
M29523,,DEFAULT,DE,CHF,52523,62502,
,419897,DEFAULT,DE,EUR,46073,54827,
,419897,DEFAULT,DE,CHF,52523,62502,
M29524,,DEFAULT,DE,EUR,32882,39130,
M29524,,DEFAULT,DE,CHF,37485,44608,
M29524,,ORIGINAL,DE,EUR,36535,43477,
M29524,,ORIGINAL,DE,CHF,41650,49564,
,419898,DEFAULT,DE,EUR,32882,39130,
,419898,DEFAULT,DE,CHF,37485,44608,
,419898,ORIGINAL,DE,EUR,36535,43477,
,419898,ORIGINAL,DE,CHF,41650,49564,
M29525,,DEFAULT,DE,EUR,9608,11434,
M29525,,DEFAULT,DE,CHF,10953,13034,
,419900,DEFAULT,DE,EUR,9608,11434,
,419900,DEFAULT,DE,CHF,10953,13034,
M29526,,DEFAULT,DE,EUR,9608,11434,
M29526,,DEFAULT,DE,CHF,10953,13034,
,419901,DEFAULT,DE,EUR,9608,11434,
,419901,DEFAULT,DE,CHF,10953,13034,
M29529,,DEFAULT,DE,EUR,77440,92154,
M29529,,DEFAULT,DE,CHF,88281,105055,
M29529,,ORIGINAL,DE,EUR,86044,102393,
M29529,,ORIGINAL,DE,CHF,98090,116727,
,419904,DEFAULT,DE,EUR,77440,92154,
,419904,DEFAULT,DE,CHF,88281,105055,
,419904,ORIGINAL,DE,EUR,86044,102393,
,419904,ORIGINAL,DE,CHF,98090,116727,
M29530,,DEFAULT,DE,EUR,88900,105791,
M29530,,DEFAULT,DE,CHF,101345,120601,
M29530,,ORIGINAL,DE,EUR,98777,117545,
M29530,,ORIGINAL,DE,CHF,112605,134001,
,419905,DEFAULT,DE,EUR,88900,105791,
,419905,DEFAULT,DE,CHF,101345,120601,
,419905,ORIGINAL,DE,EUR,98777,117545,
,419905,ORIGINAL,DE,CHF,112605,134001,
M21062,,DEFAULT,DE,EUR,435,517,
M21062,,DEFAULT,DE,CHF,495,589,
,420506,DEFAULT,DE,EUR,435,517,
,420506,DEFAULT,DE,CHF,495,589,
M21066,,DEFAULT,DE,EUR,245,292,
M21066,,DEFAULT,DE,CHF,279,332,
,420514,DEFAULT,DE,EUR,245,292,
,420514,DEFAULT,DE,CHF,279,332,
M21067,,DEFAULT,DE,EUR,283,337,
M21067,,DEFAULT,DE,CHF,322,384,
,420520,DEFAULT,DE,EUR,283,337,
,420520,DEFAULT,DE,CHF,322,384,
M21073,,DEFAULT,DE,EUR,559,665,
M21073,,DEFAULT,DE,CHF,637,758,
,420527,DEFAULT,DE,EUR,559,665,
,420527,DEFAULT,DE,CHF,637,758,
M21090,,DEFAULT,DE,EUR,1824,2170,
M21090,,DEFAULT,DE,CHF,2079,2473,
,420549,DEFAULT,DE,EUR,1824,2170,
,420549,DEFAULT,DE,CHF,2079,2473,
M21091,,DEFAULT,DE,EUR,2806,3340,
M21091,,DEFAULT,DE,CHF,3198,3807,
,420550,DEFAULT,DE,EUR,2806,3340,
,420550,DEFAULT,DE,CHF,3198,3807,
M21092,,DEFAULT,DE,EUR,948,1128,
M21092,,DEFAULT,DE,CHF,1080,1285,
,420551,DEFAULT,DE,EUR,948,1128,
,420551,DEFAULT,DE,CHF,1080,1285,
M21093,,DEFAULT,DE,EUR,2740,3261,
M21093,,DEFAULT,DE,CHF,3123,3717,
,420554,DEFAULT,DE,EUR,2740,3261,
,420554,DEFAULT,DE,CHF,3123,3717,
M21094,,DEFAULT,DE,EUR,10431,12413,
M21094,,DEFAULT,DE,CHF,11891,14150,
,420555,DEFAULT,DE,EUR,10431,12413,
,420555,DEFAULT,DE,CHF,11891,14150,
M21097,,DEFAULT,DE,EUR,1948,2319,
M21097,,DEFAULT,DE,CHF,2220,2643,
,420562,DEFAULT,DE,EUR,1948,2319,
,420562,DEFAULT,DE,CHF,2220,2643,
M21099,,DEFAULT,DE,EUR,834,992,
M21099,,DEFAULT,DE,CHF,950,1130,
,420565,DEFAULT,DE,EUR,834,992,
,420565,DEFAULT,DE,CHF,950,1130,
M21100,,DEFAULT,DE,EUR,1327,1579,
M21100,,DEFAULT,DE,CHF,1512,1800,
,420566,DEFAULT,DE,EUR,1327,1579,
,420566,DEFAULT,DE,CHF,1512,1800,
M21101,,DEFAULT,DE,EUR,2027,2413,
M21101,,DEFAULT,DE,CHF,2310,2750,
,420567,DEFAULT,DE,EUR,2027,2413,
,420567,DEFAULT,DE,CHF,2310,2750,
M21103,,DEFAULT,DE,EUR,2182,2596,
M21103,,DEFAULT,DE,CHF,2487,2959,
,420573,DEFAULT,DE,EUR,2182,2596,
,420573,DEFAULT,DE,CHF,2487,2959,
M21104,,DEFAULT,DE,EUR,7639,9091,
M21104,,DEFAULT,DE,CHF,8708,10363,
,420574,DEFAULT,DE,EUR,7639,9091,
,420574,DEFAULT,DE,CHF,8708,10363,
M21105,,DEFAULT,DE,EUR,1992,2370,
M21105,,DEFAULT,DE,CHF,2270,2701,
,420575,DEFAULT,DE,EUR,1992,2370,
,420575,DEFAULT,DE,CHF,2270,2701,
M21189,,DEFAULT,DE,EUR,663,789,"[{""quantity"":5,""net_price"":350,""gross_price"":420},{""quantity"":10,""net_price"":300,""gross_price"":360},{""quantity"":20,""net_price"":200,""gross_price"":240}]"
M21189,,DEFAULT,DE,CHF,755,899,
,420685,DEFAULT,DE,EUR,400,480,"[{""quantity"":5,""net_price"":350,""gross_price"":420},{""quantity"":10,""net_price"":300,""gross_price"":360},{""quantity"":20,""net_price"":200,""gross_price"":240}]"
,420685,DEFAULT,DE,CHF,450,540,"[{""quantity"":5,""net_price"":400,""gross_price"":480},{""quantity"":10,""net_price"":350,""gross_price"":420},{""quantity"":20,""net_price"":250,""gross_price"":300}]"
M21190,,DEFAULT,DE,EUR,406,484,
M21190,,DEFAULT,DE,CHF,462,551,
M21190,,ORIGINAL,DE,EUR,451,537,
M21190,,ORIGINAL,DE,CHF,513,612,
,420687,DEFAULT,DE,EUR,406,484,
,420687,DEFAULT,DE,CHF,462,551,
,420687,ORIGINAL,DE,EUR,451,537,
,420687,ORIGINAL,DE,CHF,513,612,
M21191,,DEFAULT,DE,EUR,305,363,
M21191,,DEFAULT,DE,CHF,347,413,
,420689,DEFAULT,DE,EUR,305,363,
,420689,DEFAULT,DE,CHF,347,413,
M21193,,DEFAULT,DE,EUR,736,876,
M21193,,DEFAULT,DE,CHF,839,998,
,420691,DEFAULT,DE,EUR,736,876,
,420691,DEFAULT,DE,CHF,839,998,
M21194,,DEFAULT,DE,EUR,488,580,
M21194,,DEFAULT,DE,CHF,556,661,
,420692,DEFAULT,DE,EUR,488,580,
,420692,DEFAULT,DE,CHF,556,661,
M21195,,DEFAULT,DE,EUR,355,422,
M21195,,DEFAULT,DE,CHF,404,481,
,420694,DEFAULT,DE,EUR,355,422,
,420694,DEFAULT,DE,CHF,404,481,
M21196,,DEFAULT,DE,EUR,794,945,
M21196,,DEFAULT,DE,CHF,905,1077,
,420695,DEFAULT,DE,EUR,794,945,
,420695,DEFAULT,DE,CHF,905,1077,
M21197,,DEFAULT,DE,EUR,1035,1231,
M21197,,DEFAULT,DE,CHF,1179,1403,
,420696,DEFAULT,DE,EUR,1035,1231,
,420696,DEFAULT,DE,CHF,1179,1403,
M21200,,DEFAULT,DE,EUR,363,432,
M21200,,DEFAULT,DE,CHF,413,492,
,420706,DEFAULT,DE,EUR,363,432,
,420706,DEFAULT,DE,CHF,413,492,
M21201,,DEFAULT,DE,EUR,355,422,
M21201,,DEFAULT,DE,CHF,404,481,
,420707,DEFAULT,DE,EUR,355,422,
,420707,DEFAULT,DE,CHF,404,481,
M21202,,DEFAULT,DE,EUR,876,1043,
M21202,,DEFAULT,DE,CHF,998,1189,
,420708,DEFAULT,DE,EUR,876,1043,
,420708,DEFAULT,DE,CHF,998,1189,
M21203,,DEFAULT,DE,EUR,876,1043,
M21203,,DEFAULT,DE,CHF,998,1189,
,420709,DEFAULT,DE,EUR,876,1043,
,420709,DEFAULT,DE,CHF,998,1189,
M21205,,DEFAULT,DE,EUR,206,245,
M21205,,DEFAULT,DE,CHF,234,279,
,420712,DEFAULT,DE,EUR,206,245,
,420712,DEFAULT,DE,CHF,234,279,
M21296,,DEFAULT,DE,EUR,993,1182,
M21296,,DEFAULT,DE,CHF,1132,1347,
,420836,DEFAULT,DE,EUR,993,1182,
,420836,DEFAULT,DE,CHF,1132,1347,
M21299,,DEFAULT,DE,EUR,3065,3647,
M21299,,DEFAULT,DE,CHF,3494,4157,
,420845,DEFAULT,DE,EUR,3065,3647,
,420845,DEFAULT,DE,CHF,3494,4157,
M21635,,DEFAULT,DE,EUR,1200,1428,
M21635,,DEFAULT,DE,CHF,1367,1627,
,421245,DEFAULT,DE,EUR,1200,1428,
,421245,DEFAULT,DE,CHF,1367,1627,
M21636,,DEFAULT,DE,EUR,836,995,
M21636,,DEFAULT,DE,CHF,953,1134,
,421246,DEFAULT,DE,EUR,836,995,
,421246,DEFAULT,DE,CHF,953,1134,
M21637,,DEFAULT,DE,EUR,471,560,
M21637,,DEFAULT,DE,CHF,536,638,
,421247,DEFAULT,DE,EUR,471,560,
,421247,DEFAULT,DE,CHF,536,638,
M21638,,DEFAULT,DE,EUR,579,689,
M21638,,DEFAULT,DE,CHF,660,785,
,421248,DEFAULT,DE,EUR,579,689,
,421248,DEFAULT,DE,CHF,660,785,
M21646,,DEFAULT,DE,EUR,214,255,
M21646,,DEFAULT,DE,CHF,243,290,
,421261,DEFAULT,DE,EUR,214,255,
,421261,DEFAULT,DE,CHF,243,290,
M21648,,DEFAULT,DE,EUR,711,846,
M21648,,DEFAULT,DE,CHF,810,964,
,421263,DEFAULT,DE,EUR,711,846,
,421263,DEFAULT,DE,CHF,810,964,
M21650,,DEFAULT,DE,EUR,454,541,
M21650,,DEFAULT,DE,CHF,517,616,
,421265,DEFAULT,DE,EUR,454,541,
,421265,DEFAULT,DE,CHF,517,616,
M21679,,DEFAULT,DE,EUR,521,620,
M21679,,DEFAULT,DE,CHF,593,706,
,421322,DEFAULT,DE,EUR,521,620,
,421322,DEFAULT,DE,CHF,593,706,
M21680,,DEFAULT,DE,EUR,445,530,
M21680,,DEFAULT,DE,CHF,507,604,
,421323,DEFAULT,DE,EUR,445,530,
,421323,DEFAULT,DE,CHF,507,604,
M21681,,DEFAULT,DE,EUR,521,620,
M21681,,DEFAULT,DE,CHF,593,706,
,421324,DEFAULT,DE,EUR,521,620,
,421324,DEFAULT,DE,CHF,593,706,
M21684,,DEFAULT,DE,EUR,264,314,
M21684,,DEFAULT,DE,CHF,300,357,
,421327,DEFAULT,DE,EUR,264,314,
,421327,DEFAULT,DE,CHF,300,357,
M21690,,DEFAULT,DE,EUR,521,620,
M21690,,DEFAULT,DE,CHF,593,706,
,421339,DEFAULT,DE,EUR,521,620,
,421339,DEFAULT,DE,CHF,593,706,
,421340,DEFAULT,DE,EUR,521,620,
,421340,DEFAULT,DE,CHF,593,706,
M21691,,DEFAULT,DE,EUR,521,620,
M21691,,DEFAULT,DE,CHF,593,706,
,421341,DEFAULT,DE,EUR,521,620,
,421341,DEFAULT,DE,CHF,593,706,
,421342,DEFAULT,DE,EUR,521,620,
,421342,DEFAULT,DE,CHF,593,706,
M21692,,DEFAULT,DE,EUR,521,620,
M21692,,DEFAULT,DE,CHF,593,706,
,421343,DEFAULT,DE,EUR,521,620,
,421343,DEFAULT,DE,CHF,593,706,
,421344,DEFAULT,DE,EUR,521,620,
,421344,DEFAULT,DE,CHF,593,706,
M21693,,DEFAULT,DE,EUR,521,620,
M21693,,DEFAULT,DE,CHF,593,706,
,421345,DEFAULT,DE,EUR,521,620,
,421345,DEFAULT,DE,CHF,593,706,
,421346,DEFAULT,DE,EUR,521,620,
,421346,DEFAULT,DE,CHF,593,706,
M21694,,DEFAULT,DE,EUR,653,777,
M21694,,DEFAULT,DE,CHF,744,885,
,421347,DEFAULT,DE,EUR,653,777,
,421347,DEFAULT,DE,CHF,744,885,
M21703,,DEFAULT,DE,EUR,413,491,
M21703,,DEFAULT,DE,CHF,470,559,
,421378,DEFAULT,DE,EUR,413,491,
,421378,DEFAULT,DE,CHF,470,559,
M21708,,DEFAULT,DE,EUR,454,541,
M21708,,DEFAULT,DE,CHF,517,616,
,421418,DEFAULT,DE,EUR,454,541,
,421418,DEFAULT,DE,CHF,517,616,
M21704,,DEFAULT,DE,EUR,305,363,
M21704,,DEFAULT,DE,CHF,347,413,
,421425,DEFAULT,DE,EUR,305,363,
,421425,DEFAULT,DE,CHF,347,413,
M21711,,DEFAULT,DE,EUR,372,442,
M21711,,DEFAULT,DE,CHF,424,503,
,421426,DEFAULT,DE,EUR,372,442,
,421426,DEFAULT,DE,CHF,424,503,
M21713,,DEFAULT,DE,EUR,861,1024,
M21713,,DEFAULT,DE,CHF,981,1167,
,421428,DEFAULT,DE,EUR,861,1024,
,421428,DEFAULT,DE,CHF,981,1167,
M21714,,DEFAULT,DE,EUR,844,1004,
M21714,,DEFAULT,DE,CHF,962,1144,
,421432,DEFAULT,DE,EUR,844,1004,
,421432,DEFAULT,DE,CHF,962,1144,
M21715,,DEFAULT,DE,EUR,488,580,
M21715,,DEFAULT,DE,CHF,556,661,
,421433,DEFAULT,DE,EUR,488,580,
,421433,DEFAULT,DE,CHF,556,661,
M21716,,DEFAULT,DE,EUR,546,649,
M21716,,DEFAULT,DE,CHF,622,739,
,421435,DEFAULT,DE,EUR,546,649,
,421435,DEFAULT,DE,CHF,622,739,
M21717,,DEFAULT,DE,EUR,206,245,
M21717,,DEFAULT,DE,CHF,234,279,
,421436,DEFAULT,DE,EUR,206,245,
,421436,DEFAULT,DE,CHF,234,279,
M21740,,DEFAULT,DE,EUR,330,393,
M21740,,DEFAULT,DE,CHF,376,448,
,421475,DEFAULT,DE,EUR,330,393,
,421475,DEFAULT,DE,CHF,376,448,
M21741,,DEFAULT,DE,EUR,330,393,
M21741,,DEFAULT,DE,CHF,376,448,
,421476,DEFAULT,DE,EUR,330,393,
,421476,DEFAULT,DE,CHF,376,448,
M21742,,DEFAULT,DE,EUR,330,393,
M21742,,DEFAULT,DE,CHF,376,448,
,421477,DEFAULT,DE,EUR,330,393,
,421477,DEFAULT,DE,CHF,376,448,
M21743,,DEFAULT,DE,EUR,330,393,
M21743,,DEFAULT,DE,CHF,376,448,
,421478,DEFAULT,DE,EUR,330,393,
,421478,DEFAULT,DE,CHF,376,448,
M21744,,DEFAULT,DE,EUR,372,442,
M21744,,DEFAULT,DE,CHF,424,503,
,421479,DEFAULT,DE,EUR,372,442,
,421479,DEFAULT,DE,CHF,424,503,
M21745,,DEFAULT,DE,EUR,993,1182,
M21745,,DEFAULT,DE,CHF,1132,1347,
,421481,DEFAULT,DE,EUR,993,1182,
,421481,DEFAULT,DE,CHF,1132,1347,
M21759,,DEFAULT,DE,EUR,2484,2956,
M21759,,DEFAULT,DE,CHF,2831,3369,
M21759,,ORIGINAL,DE,EUR,2760,3284,
M21759,,ORIGINAL,DE,CHF,3145,3743,
,421511,DEFAULT,DE,EUR,2484,2956,
,421511,DEFAULT,DE,CHF,2831,3369,
,421511,ORIGINAL,DE,EUR,2760,3284,
,421511,ORIGINAL,DE,CHF,3145,3743,
M21766,,DEFAULT,DE,EUR,228,271,
M21766,,DEFAULT,DE,CHF,259,308,
,421519,DEFAULT,DE,EUR,228,271,
,421519,DEFAULT,DE,CHF,259,308,
,421519_1,DEFAULT,DE,EUR,1140,1355,
,421519_1,DEFAULT,DE,CHF,1295,1540,
,421519_2,DEFAULT,DE,EUR,2280,2710,
,421519_2,DEFAULT,DE,CHF,2590,3080,
,421519_3,DEFAULT,DE,EUR,3420,4065,
,421519_3,DEFAULT,DE,CHF,3885,4620,
M21771,,DEFAULT,DE,EUR,220,261,
M21771,,DEFAULT,DE,CHF,250,297,
,421530,DEFAULT,DE,EUR,220,261,
,421530,DEFAULT,DE,CHF,250,297,
M21772,,DEFAULT,DE,EUR,3061,3642,
M21772,,DEFAULT,DE,CHF,3489,4151,
,421531,DEFAULT,DE,EUR,3061,3642,
,421531,DEFAULT,DE,CHF,3489,4151,
M21773,,DEFAULT,DE,EUR,3502,4168,
M21773,,DEFAULT,DE,CHF,3992,4751,
,421533,DEFAULT,DE,EUR,3502,4168,
,421533,DEFAULT,DE,CHF,3992,4751,
M21774,,DEFAULT,DE,EUR,1410,1678,
M21774,,DEFAULT,DE,CHF,1607,1912,
,421534,DEFAULT,DE,EUR,1410,1678,
,421534,DEFAULT,DE,CHF,1607,1912,
M21777,,DEFAULT,DE,EUR,1208,1437,
M21777,,DEFAULT,DE,CHF,1377,1638,
,421538,DEFAULT,DE,EUR,1208,1437,
,421538,DEFAULT,DE,CHF,1377,1638,
M21778,,DEFAULT,DE,EUR,1208,1437,
M21778,,DEFAULT,DE,CHF,1377,1638,
,421539,DEFAULT,DE,EUR,1208,1437,
,421539,DEFAULT,DE,CHF,1377,1638,
M21779,,DEFAULT,DE,EUR,2594,3086,
M21779,,DEFAULT,DE,CHF,2957,3518,
,421540,DEFAULT,DE,EUR,2594,3086,
,421540,DEFAULT,DE,CHF,2957,3518,
M21903,,DEFAULT,DE,EUR,908,1080,
M21903,,DEFAULT,DE,CHF,1035,1231,
,421768,DEFAULT,DE,EUR,908,1080,
,421768,DEFAULT,DE,CHF,1035,1231,
M22230,,DEFAULT,DE,EUR,881,1049,
M22230,,DEFAULT,DE,CHF,1004,1195,
,422524,DEFAULT,DE,EUR,881,1049,
,422524,DEFAULT,DE,CHF,1004,1195,
M22232,,DEFAULT,DE,EUR,651,775,
M22232,,DEFAULT,DE,CHF,742,883,
,422528,DEFAULT,DE,EUR,651,775,
,422528,DEFAULT,DE,CHF,742,883,
M22269,,DEFAULT,DE,EUR,749,891,
M22269,,DEFAULT,DE,CHF,853,1015,
,422573,DEFAULT,DE,EUR,749,891,
,422573,DEFAULT,DE,CHF,853,1015,
M22397,,DEFAULT,DE,EUR,316,376,
M22397,,DEFAULT,DE,CHF,360,428,
,422721,DEFAULT,DE,EUR,316,376,
,422721,DEFAULT,DE,CHF,360,428,
M22398,,DEFAULT,DE,EUR,40,48,
M22398,,DEFAULT,DE,CHF,45,54,
,422722,DEFAULT,DE,EUR,40,48,
,422722,DEFAULT,DE,CHF,45,54,
M22410,,DEFAULT,DE,EUR,617,734,
M22410,,DEFAULT,DE,CHF,703,836,
,422741,DEFAULT,DE,EUR,617,734,
,422741,DEFAULT,DE,CHF,703,836,
M22411,,DEFAULT,DE,EUR,617,734,
M22411,,DEFAULT,DE,CHF,703,836,
,422743,DEFAULT,DE,EUR,617,734,
,422743,DEFAULT,DE,CHF,703,836,
M22412,,DEFAULT,DE,EUR,1058,1259,
M22412,,DEFAULT,DE,CHF,1206,1435,
,422745,DEFAULT,DE,EUR,1058,1259,
,422745,DEFAULT,DE,CHF,1206,1435,
M22432,,DEFAULT,DE,EUR,484,576,
M22432,,DEFAULT,DE,CHF,551,656,
,422780,DEFAULT,DE,EUR,484,576,
,422780,DEFAULT,DE,CHF,551,656,
M22484,,DEFAULT,DE,EUR,75,90,
M22484,,DEFAULT,DE,CHF,85,102,
,422855,DEFAULT,DE,EUR,75,90,
,422855,DEFAULT,DE,CHF,85,102,
M22613,,DEFAULT,DE,EUR,175,208,
M22613,,DEFAULT,DE,CHF,199,237,
,423105,DEFAULT,DE,EUR,175,208,
,423105,DEFAULT,DE,CHF,199,237,
M22660,,DEFAULT,DE,EUR,87,103,
M22660,,DEFAULT,DE,CHF,99,117,
M22660,,ORIGINAL,DE,EUR,96,114,
M22660,,ORIGINAL,DE,CHF,110,130,
,423172,DEFAULT,DE,EUR,87,103,
,423172,DEFAULT,DE,CHF,99,117,
,423172,ORIGINAL,DE,EUR,96,114,
,423172,ORIGINAL,DE,CHF,110,130,
M22661,,DEFAULT,DE,EUR,87,103,
M22661,,DEFAULT,DE,CHF,99,117,
,423173,DEFAULT,DE,EUR,87,103,
,423173,DEFAULT,DE,CHF,99,117,
M22662,,DEFAULT,DE,EUR,87,103,
M22662,,DEFAULT,DE,CHF,99,117,
,423174,DEFAULT,DE,EUR,87,103,
,423174,DEFAULT,DE,CHF,99,117,
M22663,,DEFAULT,DE,EUR,87,103,
M22663,,DEFAULT,DE,CHF,99,117,
M22663,,ORIGINAL,DE,EUR,96,114,
M22663,,ORIGINAL,DE,CHF,110,130,
,423175,DEFAULT,DE,EUR,87,103,
,423175,DEFAULT,DE,CHF,99,117,
,423175,ORIGINAL,DE,EUR,96,114,
,423175,ORIGINAL,DE,CHF,110,130,
M22664,,DEFAULT,DE,EUR,83,99,
M22664,,DEFAULT,DE,CHF,94,112,
,423178,DEFAULT,DE,EUR,83,99,
,423178,DEFAULT,DE,CHF,94,112,
M22682,,DEFAULT,DE,EUR,4611,5487,
M22682,,DEFAULT,DE,CHF,5256,6255,
,423237,DEFAULT,DE,EUR,4611,5487,
,423237,DEFAULT,DE,CHF,5256,6255,
M22293,,DEFAULT,DE,EUR,151,180,
M22293,,DEFAULT,DE,CHF,172,205,
,423383,DEFAULT,DE,EUR,151,180,
,423383,DEFAULT,DE,CHF,172,205,
M22796,,DEFAULT,DE,EUR,92,110,
M22796,,DEFAULT,DE,CHF,104,125,
M22796,,ORIGINAL,DE,EUR,102,122,
M22796,,ORIGINAL,DE,CHF,115,138,
,423452,DEFAULT,DE,EUR,92,110,
,423452,DEFAULT,DE,CHF,104,125,
,423452,ORIGINAL,DE,EUR,102,122,
,423452,ORIGINAL,DE,CHF,115,138,
M22797,,DEFAULT,DE,EUR,87,104,
M22797,,DEFAULT,DE,CHF,99,118,
,423456,DEFAULT,DE,EUR,87,104,
,423456,DEFAULT,DE,CHF,99,118,
M23067,,DEFAULT,DE,EUR,3380,4022,
M23067,,DEFAULT,DE,CHF,3853,4585,
,423909,DEFAULT,DE,EUR,3380,4022,
,423909,DEFAULT,DE,CHF,3853,4585,
M23340,,DEFAULT,DE,EUR,739,880,
M23340,,DEFAULT,DE,CHF,842,1003,
,424265,DEFAULT,DE,EUR,739,880,
,424265,DEFAULT,DE,CHF,842,1003,
M23343,,DEFAULT,DE,EUR,1090,1297,
M23343,,DEFAULT,DE,CHF,1242,1478,
,424270,DEFAULT,DE,EUR,1090,1297,
,424270,DEFAULT,DE,CHF,1242,1478,
M23345,,DEFAULT,DE,EUR,493,586,
M23345,,DEFAULT,DE,CHF,562,668,
,424273,DEFAULT,DE,EUR,493,586,
,424273,DEFAULT,DE,CHF,562,668,
M23432,,DEFAULT,DE,EUR,55,66,
M23432,,DEFAULT,DE,CHF,62,75,
,424372,DEFAULT,DE,EUR,55,66,
,424372,DEFAULT,DE,CHF,62,75,
M23436,,DEFAULT,DE,EUR,121,144,
M23436,,DEFAULT,DE,CHF,137,164,
,424384,DEFAULT,DE,EUR,121,144,
,424384,DEFAULT,DE,CHF,137,164,
M23438,,DEFAULT,DE,EUR,140,167,
M23438,,DEFAULT,DE,CHF,159,190,
,424390,DEFAULT,DE,EUR,140,167,
,424390,DEFAULT,DE,CHF,159,190,
M23440,,DEFAULT,DE,EUR,140,167,
M23440,,DEFAULT,DE,CHF,159,190,
,424397,DEFAULT,DE,EUR,140,167,
,424397,DEFAULT,DE,CHF,159,190,
M23441,,DEFAULT,DE,EUR,140,167,
M23441,,DEFAULT,DE,CHF,159,190,
,424400,DEFAULT,DE,EUR,140,167,
,424400,DEFAULT,DE,CHF,159,190,
M23444,,DEFAULT,DE,EUR,179,213,
M23444,,DEFAULT,DE,CHF,204,242,
,424409,DEFAULT,DE,EUR,179,213,
,424409,DEFAULT,DE,CHF,204,242,
M23450,,DEFAULT,DE,EUR,132,157,
M23450,,DEFAULT,DE,CHF,150,178,
,424430,DEFAULT,DE,EUR,132,157,
,424430,DEFAULT,DE,CHF,150,178,
M23451,,DEFAULT,DE,EUR,132,157,
M23451,,DEFAULT,DE,CHF,150,178,
,424431,DEFAULT,DE,EUR,132,157,
,424431,DEFAULT,DE,CHF,150,178,
M23454,,DEFAULT,DE,EUR,150,179,
M23454,,DEFAULT,DE,CHF,170,204,
,424442,DEFAULT,DE,EUR,150,179,
,424442,DEFAULT,DE,CHF,170,204,
M23455,,DEFAULT,DE,EUR,150,179,
M23455,,DEFAULT,DE,CHF,170,204,
,424447,DEFAULT,DE,EUR,150,179,
,424447,DEFAULT,DE,CHF,170,204,
M23456,,DEFAULT,DE,EUR,273,326,
M23456,,DEFAULT,DE,CHF,311,371,
,424449,DEFAULT,DE,EUR,273,326,
,424449,DEFAULT,DE,CHF,311,371,
M23457,,DEFAULT,DE,EUR,245,292,
M23457,,DEFAULT,DE,CHF,279,332,
,424453,DEFAULT,DE,EUR,245,292,
,424453,DEFAULT,DE,CHF,279,332,
M23459,,DEFAULT,DE,EUR,692,824,
M23459,,DEFAULT,DE,CHF,788,939,
,424463,DEFAULT,DE,EUR,692,824,
,424463,DEFAULT,DE,CHF,788,939,
M23460,,DEFAULT,DE,EUR,331,394,
M23460,,DEFAULT,DE,CHF,377,449,
,424464,DEFAULT,DE,EUR,331,394,
,424464,DEFAULT,DE,CHF,377,449,
M23461,,DEFAULT,DE,EUR,179,213,
M23461,,DEFAULT,DE,CHF,204,242,
,424466,DEFAULT,DE,EUR,179,213,
,424466,DEFAULT,DE,CHF,204,242,
M23462,,DEFAULT,DE,EUR,154,183,
M23462,,DEFAULT,DE,CHF,175,208,
,424472,DEFAULT,DE,EUR,154,183,
,424472,DEFAULT,DE,CHF,175,208,
M23463,,DEFAULT,DE,EUR,154,183,
M23463,,DEFAULT,DE,CHF,175,208,
,424475,DEFAULT,DE,EUR,154,183,
,424475,DEFAULT,DE,CHF,175,208,
M23467,,DEFAULT,DE,EUR,273,326,
M23467,,DEFAULT,DE,CHF,311,371,
,424493,DEFAULT,DE,EUR,273,326,
,424493,DEFAULT,DE,CHF,311,371,
M23468,,DEFAULT,DE,EUR,283,337,
M23468,,DEFAULT,DE,CHF,322,384,
,424496,DEFAULT,DE,EUR,283,337,
,424496,DEFAULT,DE,CHF,322,384,
M23469,,DEFAULT,DE,EUR,369,440,
M23469,,DEFAULT,DE,CHF,420,501,
,424503,DEFAULT,DE,EUR,369,440,
,424503,DEFAULT,DE,CHF,420,501,
M23470,,DEFAULT,DE,EUR,303,360,
M23470,,DEFAULT,DE,CHF,345,410,
,424506,DEFAULT,DE,EUR,303,360,
,424506,DEFAULT,DE,CHF,345,410,
M23471,,DEFAULT,DE,EUR,236,281,
M23471,,DEFAULT,DE,CHF,269,320,
,424510,DEFAULT,DE,EUR,236,281,
,424510,DEFAULT,DE,CHF,269,320,
M23472,,DEFAULT,DE,EUR,398,473,
M23472,,DEFAULT,DE,CHF,453,539,
,424513,DEFAULT,DE,EUR,398,473,
,424513,DEFAULT,DE,CHF,453,539,
M23473,,DEFAULT,DE,EUR,198,236,
M23473,,DEFAULT,DE,CHF,225,269,
,424516,DEFAULT,DE,EUR,198,236,
,424516,DEFAULT,DE,CHF,225,269,
M23475,,DEFAULT,DE,EUR,378,450,
M23475,,DEFAULT,DE,CHF,430,513,
,424527,DEFAULT,DE,EUR,378,450,
,424527,DEFAULT,DE,CHF,430,513,
M23476,,DEFAULT,DE,EUR,378,450,
M23476,,DEFAULT,DE,CHF,430,513,
,424528,DEFAULT,DE,EUR,378,450,
,424528,DEFAULT,DE,CHF,430,513,
M23477,,DEFAULT,DE,EUR,378,450,
M23477,,DEFAULT,DE,CHF,430,513,
,424529,DEFAULT,DE,EUR,378,450,
,424529,DEFAULT,DE,CHF,430,513,
M23478,,DEFAULT,DE,EUR,378,450,
M23478,,DEFAULT,DE,CHF,430,513,
,424530,DEFAULT,DE,EUR,378,450,
,424530,DEFAULT,DE,CHF,430,513,
M23479,,DEFAULT,DE,EUR,597,711,
M23479,,DEFAULT,DE,CHF,680,810,
,424531,DEFAULT,DE,EUR,597,711,
,424531,DEFAULT,DE,CHF,680,810,
M23482,,DEFAULT,DE,EUR,188,224,
M23482,,DEFAULT,DE,CHF,214,255,
,424542,DEFAULT,DE,EUR,188,224,
,424542,DEFAULT,DE,CHF,214,255,
M23484,,DEFAULT,DE,EUR,236,281,
M23484,,DEFAULT,DE,CHF,269,320,
,424546,DEFAULT,DE,EUR,236,281,
,424546,DEFAULT,DE,CHF,269,320,
M23486,,DEFAULT,DE,EUR,273,326,
M23486,,DEFAULT,DE,CHF,311,371,
,424549,DEFAULT,DE,EUR,273,326,
,424549,DEFAULT,DE,CHF,311,371,
M23487,,DEFAULT,DE,EUR,273,326,
M23487,,DEFAULT,DE,CHF,311,371,
,424550,DEFAULT,DE,EUR,273,326,
,424550,DEFAULT,DE,CHF,311,371,
M23488,,DEFAULT,DE,EUR,283,337,
M23488,,DEFAULT,DE,CHF,322,384,
,424551,DEFAULT,DE,EUR,283,337,
,424551,DEFAULT,DE,CHF,322,384,
M23510,,DEFAULT,DE,EUR,682,812,
M23510,,DEFAULT,DE,CHF,777,925,
,424599,DEFAULT,DE,EUR,682,812,
,424599,DEFAULT,DE,CHF,777,925,
M23512,,DEFAULT,DE,EUR,84,100,
M23512,,DEFAULT,DE,CHF,95,113,
,424605,DEFAULT,DE,EUR,84,100,
,424605,DEFAULT,DE,CHF,95,113,
M23513,,DEFAULT,DE,EUR,90,107,
M23513,,DEFAULT,DE,CHF,102,121,
,424606,DEFAULT,DE,EUR,90,107,
,424606,DEFAULT,DE,CHF,102,121,
M23720,,DEFAULT,DE,EUR,1290,1535,
M23720,,DEFAULT,DE,CHF,1470,1749,
,425073,DEFAULT,DE,EUR,1290,1535,
,425073,DEFAULT,DE,CHF,1470,1749,
M23721,,DEFAULT,DE,EUR,1784,2123,
M23721,,DEFAULT,DE,CHF,2033,2420,
,425074,DEFAULT,DE,EUR,1784,2123,
,425074,DEFAULT,DE,CHF,2033,2420,
M23722,,DEFAULT,DE,EUR,4580,5451,
M23722,,DEFAULT,DE,CHF,5221,6214,
,425075,DEFAULT,DE,EUR,4580,5451,
,425075,DEFAULT,DE,CHF,5221,6214,
M23724,,DEFAULT,DE,EUR,806,959,
M23724,,DEFAULT,DE,CHF,918,1093,
,425078,DEFAULT,DE,EUR,806,959,
,425078,DEFAULT,DE,CHF,918,1093,
M23723,,DEFAULT,DE,EUR,587,699,
M23723,,DEFAULT,DE,CHF,669,796,
,425079,DEFAULT,DE,EUR,587,699,
,425079,DEFAULT,DE,CHF,669,796,
M23725,,DEFAULT,DE,EUR,1499,1784,
M23725,,DEFAULT,DE,CHF,1708,2033,
,425082,DEFAULT,DE,EUR,1499,1784,
,425082,DEFAULT,DE,CHF,1708,2033,
M23726,,DEFAULT,DE,EUR,1634,1944,
M23726,,DEFAULT,DE,CHF,1862,2216,
,425083,DEFAULT,DE,EUR,1634,1944,
,425083,DEFAULT,DE,CHF,1862,2216,
M23727,,DEFAULT,DE,EUR,2249,2677,
M23727,,DEFAULT,DE,CHF,2563,3051,
,425084,DEFAULT,DE,EUR,2249,2677,
,425084,DEFAULT,DE,CHF,2563,3051,
M26415,,DEFAULT,DE,EUR,2904,3456,
M26415,,DEFAULT,DE,CHF,3310,3939,
,425086,DEFAULT,DE,EUR,2904,3456,
,425086,DEFAULT,DE,CHF,3310,3939,
M23729,,DEFAULT,DE,EUR,2164,2575,
M23729,,DEFAULT,DE,CHF,2466,2935,
,425087,DEFAULT,DE,EUR,2164,2575,
,425087,DEFAULT,DE,CHF,2466,2935,
M23730,,DEFAULT,DE,EUR,398,473,
M23730,,DEFAULT,DE,CHF,453,539,
,425088,DEFAULT,DE,EUR,398,473,
,425088,DEFAULT,DE,CHF,453,539,
M23731,,DEFAULT,DE,EUR,454,540,
M23731,,DEFAULT,DE,CHF,517,615,
,425090,DEFAULT,DE,EUR,454,540,
,425090,DEFAULT,DE,CHF,517,615,
M23732,,DEFAULT,DE,EUR,682,812,
M23732,,DEFAULT,DE,CHF,777,925,
,425093,DEFAULT,DE,EUR,682,812,
,425093,DEFAULT,DE,CHF,777,925,
M26416,,DEFAULT,DE,EUR,3616,4304,
M26416,,DEFAULT,DE,CHF,4122,4906,
,425096,DEFAULT,DE,EUR,3616,4304,
,425096,DEFAULT,DE,CHF,4122,4906,
M26417,,DEFAULT,DE,EUR,1376,1637,
M26417,,DEFAULT,DE,CHF,1568,1866,
,425097,DEFAULT,DE,EUR,1376,1637,
,425097,DEFAULT,DE,CHF,1568,1866,
M26418,,DEFAULT,DE,EUR,1679,1998,
M26418,,DEFAULT,DE,CHF,1914,2277,
,425098,DEFAULT,DE,EUR,1679,1998,
,425098,DEFAULT,DE,CHF,1914,2277,
M26419,,DEFAULT,DE,EUR,2259,2688,
M26419,,DEFAULT,DE,CHF,2575,3064,
,425099,DEFAULT,DE,EUR,2259,2688,
,425099,DEFAULT,DE,CHF,2575,3064,
M26420,,DEFAULT,DE,EUR,2354,2801,
M26420,,DEFAULT,DE,CHF,2683,3193,
,425100,DEFAULT,DE,EUR,2354,2801,
,425100,DEFAULT,DE,CHF,2683,3193,
M23751,,DEFAULT,DE,EUR,2772,3299,
M23751,,DEFAULT,DE,CHF,3160,3760,
,425123,DEFAULT,DE,EUR,2772,3299,
,425123,DEFAULT,DE,CHF,3160,3760,
M23766,,DEFAULT,DE,EUR,948,1129,
M23766,,DEFAULT,DE,CHF,1080,1287,
,425140,DEFAULT,DE,EUR,948,1129,
,425140,DEFAULT,DE,CHF,1080,1287,
M23770,,DEFAULT,DE,EUR,1708,2033,
M23770,,DEFAULT,DE,CHF,1947,2317,
,425149,DEFAULT,DE,EUR,1708,2033,
,425149,DEFAULT,DE,CHF,1947,2317,
M23764,,DEFAULT,DE,EUR,1803,2146,
M23764,,DEFAULT,DE,CHF,2055,2446,
,425150,DEFAULT,DE,EUR,1803,2146,
,425150,DEFAULT,DE,CHF,2055,2446,
M23771,,DEFAULT,DE,EUR,2563,3050,
M23771,,DEFAULT,DE,CHF,2921,3476,
,425152,DEFAULT,DE,EUR,2563,3050,
,425152,DEFAULT,DE,CHF,2921,3476,
M23777,,DEFAULT,DE,EUR,1153,1372,
M23777,,DEFAULT,DE,CHF,1314,1564,
,425159,DEFAULT,DE,EUR,1153,1372,
,425159,DEFAULT,DE,CHF,1314,1564,
M24143,,DEFAULT,DE,EUR,540,642,
M24143,,DEFAULT,DE,CHF,615,731,
,425751,DEFAULT,DE,EUR,540,642,
,425751,DEFAULT,DE,CHF,615,731,
M24416,,DEFAULT,DE,EUR,6171,7344,
M24416,,DEFAULT,DE,CHF,7034,8372,
,426376,DEFAULT,DE,EUR,6171,7344,
,426376,DEFAULT,DE,CHF,7034,8372,
M24417,,DEFAULT,DE,EUR,11301,13448,
M24417,,DEFAULT,DE,CHF,12883,15330,
,426377,DEFAULT,DE,EUR,11301,13448,
,426377,DEFAULT,DE,CHF,12883,15330,
M24418,,DEFAULT,DE,EUR,16049,19099,
M24418,,DEFAULT,DE,CHF,18295,21772,
M24418,,ORIGINAL,DE,EUR,17832,21221,
M24418,,ORIGINAL,DE,CHF,20327,24191,
,426378,DEFAULT,DE,EUR,16049,19099,
,426378,DEFAULT,DE,CHF,18295,21772,
,426378,ORIGINAL,DE,EUR,17832,21221,
,426378,ORIGINAL,DE,CHF,20327,24191,
M24563,,DEFAULT,DE,EUR,1543,1836,
M24563,,DEFAULT,DE,CHF,1759,2093,
,426531,DEFAULT,DE,EUR,1543,1836,
,426531,DEFAULT,DE,CHF,1759,2093,
M24605,,DEFAULT,DE,EUR,3526,4196,
M24605,,DEFAULT,DE,CHF,4019,4783,
M24605,,ORIGINAL,DE,EUR,3917,4662,
M24605,,ORIGINAL,DE,CHF,4465,5314,
,426581,DEFAULT,DE,EUR,3526,4196,
,426581,DEFAULT,DE,CHF,4019,4783,
,426581,ORIGINAL,DE,EUR,3917,4662,
,426581,ORIGINAL,DE,CHF,4465,5314,
M24606,,DEFAULT,DE,EUR,688,819,
M24606,,DEFAULT,DE,CHF,784,933,
,426582,DEFAULT,DE,EUR,688,819,
,426582,DEFAULT,DE,CHF,784,933,
M24609,,DEFAULT,DE,EUR,6974,8299,
M24609,,DEFAULT,DE,CHF,7950,9460,
,426587,DEFAULT,DE,EUR,6974,8299,
,426587,DEFAULT,DE,CHF,7950,9460,
M24610,,DEFAULT,DE,EUR,2462,2930,
M24610,,DEFAULT,DE,CHF,2806,3340,
,426588,DEFAULT,DE,EUR,2462,2930,
,426588,DEFAULT,DE,CHF,2806,3340,
M24612,,DEFAULT,DE,EUR,1357,1615,
M24612,,DEFAULT,DE,CHF,1546,1841,
,426590,DEFAULT,DE,EUR,1357,1615,
,426590,DEFAULT,DE,CHF,1546,1841,
M24613,,DEFAULT,DE,EUR,778,925,
M24613,,DEFAULT,DE,CHF,886,1054,
,426591,DEFAULT,DE,EUR,778,925,
,426591,DEFAULT,DE,CHF,886,1054,
M24632,,DEFAULT,DE,EUR,9955,11846,
M24632,,DEFAULT,DE,CHF,11348,13504,
,426615,DEFAULT,DE,EUR,9955,11846,
,426615,DEFAULT,DE,CHF,11348,13504,
M24637,,DEFAULT,DE,EUR,1004,1195,
M24637,,DEFAULT,DE,CHF,1144,1362,
,426620,DEFAULT,DE,EUR,1004,1195,
,426620,DEFAULT,DE,CHF,1144,1362,
M25598,,DEFAULT,DE,EUR,1113,1324,
M25598,,DEFAULT,DE,CHF,1268,1509,
,427913,DEFAULT,DE,EUR,1113,1324,
,427913,DEFAULT,DE,CHF,1268,1509,
M25599,,DEFAULT,DE,EUR,2056,2447,
M25599,,DEFAULT,DE,CHF,2343,2789,
,427914,DEFAULT,DE,EUR,2056,2447,
,427914,DEFAULT,DE,CHF,2343,2789,
M25600,,DEFAULT,DE,EUR,1487,1770,
M25600,,DEFAULT,DE,CHF,1695,2017,
,427915,DEFAULT,DE,EUR,1487,1770,
,427915,DEFAULT,DE,CHF,1695,2017,
M1002203,,DEFAULT,DE,EUR,16164,19235,
M1002203,,DEFAULT,DE,CHF,18426,21927,
,463981,DEFAULT,DE,EUR,16164,19235,
,463981,DEFAULT,DE,CHF,18426,21927,
M1014629,,DEFAULT,DE,EUR,34122,40605,
M1014629,,DEFAULT,DE,CHF,38899,46289,
,463994,DEFAULT,DE,EUR,34122,40605,
,463994,DEFAULT,DE,CHF,38899,46289,
M1024601,,DEFAULT,DE,EUR,39152,46591,
M1024601,,DEFAULT,DE,CHF,44633,53113,
,464000,DEFAULT,DE,EUR,39152,46591,
,464000,DEFAULT,DE,CHF,44633,53113,
M1015356,,DEFAULT,DE,EUR,39152,46591,
M1015356,,DEFAULT,DE,CHF,44633,53113,
,464001,DEFAULT,DE,EUR,39152,46591,
,464001,DEFAULT,DE,CHF,44633,53113,
M1015355,,DEFAULT,DE,EUR,39152,46591,
M1015355,,DEFAULT,DE,CHF,44633,53113,
,464002,DEFAULT,DE,EUR,39152,46591,
,464002,DEFAULT,DE,CHF,44633,53113,
M1014645,,DEFAULT,DE,EUR,70354,83721,
M1014645,,DEFAULT,DE,CHF,80203,95441,
,464003,DEFAULT,DE,EUR,70354,83721,
,464003,DEFAULT,DE,CHF,80203,95441,
M1014646,,DEFAULT,DE,EUR,185689,220970,
M1014646,,DEFAULT,DE,CHF,211685,251905,
,464004,DEFAULT,DE,EUR,185689,220970,
,464004,DEFAULT,DE,CHF,211685,251905,
M1014653,,DEFAULT,DE,EUR,59383,70666,
M1014653,,DEFAULT,DE,CHF,67696,80559,
,464005,DEFAULT,DE,EUR,59383,70666,
,464005,DEFAULT,DE,CHF,67696,80559,
M1014656,,DEFAULT,DE,EUR,48700,58000,
M1014656,,DEFAULT,DE,CHF,55518,66120,
,464007,DEFAULT,DE,EUR,48700,58000,
,464007,DEFAULT,DE,CHF,55518,66120,
M1014642,,DEFAULT,DE,EUR,49217,58569,
M1014642,,DEFAULT,DE,CHF,56107,66768,
,464012,DEFAULT,DE,EUR,49217,58569,
,464012,DEFAULT,DE,CHF,56107,66768,
M1014643,,DEFAULT,DE,EUR,55256,65755,
M1014643,,DEFAULT,DE,CHF,62991,74960,
,464013,DEFAULT,DE,EUR,55256,65755,
,464013,DEFAULT,DE,CHF,62991,74960,
M1014644,,DEFAULT,DE,EUR,63308,75337,
M1014644,,DEFAULT,DE,CHF,72171,85884,
,464014,DEFAULT,DE,EUR,63308,75337,
,464014,DEFAULT,DE,CHF,72171,85884,
M88181,,DEFAULT,DE,EUR,216397,257513,
M88181,,DEFAULT,DE,CHF,246692,293564,
,490001,DEFAULT,DE,EUR,216397,257513,
,490001,DEFAULT,DE,CHF,246692,293564,
M88182,,DEFAULT,DE,EUR,246592,293445,
M88182,,DEFAULT,DE,CHF,281114,334527,
,490002,DEFAULT,DE,EUR,246592,293445,
,490002,DEFAULT,DE,CHF,281114,334527,
M857,,DEFAULT,DE,EUR,25416,30245,
M857,,DEFAULT,DE,CHF,28974,34479,
,500344,DEFAULT,DE,EUR,25416,30245,
,500344,DEFAULT,DE,CHF,28974,34479,
M75730,,DEFAULT,DE,EUR,20347,24213,
M75730,,DEFAULT,DE,CHF,23195,27602,
,500380,DEFAULT,DE,EUR,20347,24213,
,500380,DEFAULT,DE,CHF,23195,27602,
M852,,DEFAULT,DE,EUR,34182,40677,
M852,,DEFAULT,DE,CHF,38967,46371,
,500487,DEFAULT,DE,EUR,34182,40677,
,500487,DEFAULT,DE,CHF,38967,46371,
M58335,,DEFAULT,DE,EUR,33967,40421,
M58335,,DEFAULT,DE,CHF,38722,46079,
,500942,DEFAULT,DE,EUR,33967,40421,
,500942,DEFAULT,DE,CHF,38722,46079,
M58336,,DEFAULT,DE,EUR,56179,66853,
M58336,,DEFAULT,DE,CHF,64044,76212,
,500946,DEFAULT,DE,EUR,56179,66853,
,500946,DEFAULT,DE,CHF,64044,76212,
M58315,,DEFAULT,DE,EUR,29087,34614,
M58315,,DEFAULT,DE,CHF,33159,39459,
,501000,DEFAULT,DE,EUR,29087,34614,
,501000,DEFAULT,DE,CHF,33159,39459,
M62306,,DEFAULT,DE,EUR,7689,9151,
M62306,,DEFAULT,DE,CHF,8765,10432,
,501022,DEFAULT,DE,EUR,7689,9151,
,501022,DEFAULT,DE,CHF,8765,10432,
M62301,,DEFAULT,DE,EUR,5243,6240,
M62301,,DEFAULT,DE,CHF,5977,7113,
,501039,DEFAULT,DE,EUR,5243,6240,
,501039,DEFAULT,DE,CHF,5977,7113,
M62305,,DEFAULT,DE,EUR,6601,7855,
M62305,,DEFAULT,DE,CHF,7525,8954,
,501040,DEFAULT,DE,EUR,6601,7855,
,501040,DEFAULT,DE,CHF,7525,8954,
M68854,,DEFAULT,DE,EUR,62101,73900,
M68854,,DEFAULT,DE,CHF,70795,84246,
,501517,DEFAULT,DE,EUR,62101,73900,
,501517,DEFAULT,DE,CHF,70795,84246,
M68726,,DEFAULT,DE,EUR,21639,25751,
M68726,,DEFAULT,DE,CHF,24668,29356,
,502173,DEFAULT,DE,EUR,21639,25751,
,502173,DEFAULT,DE,CHF,24668,29356,
M68727,,DEFAULT,DE,EUR,23048,27428,
M68727,,DEFAULT,DE,CHF,26274,31267,
,502178,DEFAULT,DE,EUR,23048,27428,
,502178,DEFAULT,DE,CHF,26274,31267,
M1896,,DEFAULT,DE,EUR,56748,67531,
M1896,,DEFAULT,DE,CHF,64692,76985,
,506670,DEFAULT,DE,EUR,56748,67531,
,506670,DEFAULT,DE,CHF,64692,76985,
M858,,DEFAULT,DE,EUR,42467,50536,
M858,,DEFAULT,DE,CHF,48412,57611,
,506719,DEFAULT,DE,EUR,42467,50536,
,506719,DEFAULT,DE,CHF,48412,57611,
M859,,DEFAULT,DE,EUR,47176,56140,
M859,,DEFAULT,DE,CHF,53780,63999,
,507871,DEFAULT,DE,EUR,47176,56140,
,507871,DEFAULT,DE,CHF,53780,63999,
M75686,,DEFAULT,DE,EUR,46935,55852,
M75686,,DEFAULT,DE,CHF,53505,63671,
,507920,DEFAULT,DE,EUR,46935,55852,
,507920,DEFAULT,DE,CHF,53505,63671,
M856,,DEFAULT,DE,EUR,24332,28955,
M856,,DEFAULT,DE,CHF,27738,33008,
,508165,DEFAULT,DE,EUR,24332,28955,
,508165,DEFAULT,DE,CHF,27738,33008,
M43347,,DEFAULT,DE,EUR,18188,21643,
M43347,,DEFAULT,DE,CHF,20734,24673,
,508321,DEFAULT,DE,EUR,18188,21643,
,508321,DEFAULT,DE,CHF,20734,24673,
M75727,,DEFAULT,DE,EUR,57878,68875,
M75727,,DEFAULT,DE,CHF,65980,78517,
,508328,DEFAULT,DE,EUR,57878,68875,
,508328,DEFAULT,DE,CHF,65980,78517,
M75700,,DEFAULT,DE,EUR,27825,33111,
M75700,,DEFAULT,DE,CHF,31720,37746,
,508330,DEFAULT,DE,EUR,27825,33111,
,508330,DEFAULT,DE,CHF,31720,37746,
M75685,,DEFAULT,DE,EUR,47677,56736,
M75685,,DEFAULT,DE,CHF,54351,64679,
,508378,DEFAULT,DE,EUR,47677,56736,
,508378,DEFAULT,DE,CHF,54351,64679,
M55895,,DEFAULT,DE,EUR,40159,47789,
M55895,,DEFAULT,DE,CHF,45781,54479,
,509070,DEFAULT,DE,EUR,40159,47789,
,509070,DEFAULT,DE,CHF,45781,54479,
M1014874,,DEFAULT,DE,EUR,19022,22637,
M1014874,,DEFAULT,DE,CHF,21685,25806,
,512067,DEFAULT,DE,EUR,19022,22637,
,512067,DEFAULT,DE,CHF,21685,25806,
M1014866,,DEFAULT,DE,EUR,20029,23834,
M1014866,,DEFAULT,DE,CHF,22833,27170,
,512081,DEFAULT,DE,EUR,20029,23834,
,512081,DEFAULT,DE,CHF,22833,27170,
M1014871,,DEFAULT,DE,EUR,20029,23834,
M1014871,,DEFAULT,DE,CHF,22833,27170,
,512086,DEFAULT,DE,EUR,20029,23834,
,512086,DEFAULT,DE,CHF,22833,27170,
M1014870,,DEFAULT,DE,EUR,20029,23834,
M1014870,,DEFAULT,DE,CHF,22833,27170,
,512094,DEFAULT,DE,EUR,20029,23834,
,512094,DEFAULT,DE,CHF,22833,27170,
M1013168,,DEFAULT,DE,EUR,7337,8731,
M1013168,,DEFAULT,DE,CHF,8364,9953,
,517598,DEFAULT,DE,EUR,7337,8731,
,517598,DEFAULT,DE,CHF,8364,9953,
M1013287,,DEFAULT,DE,EUR,12319,14660,
M1013287,,DEFAULT,DE,CHF,14043,16712,
,517630,DEFAULT,DE,EUR,12319,14660,
,517630,DEFAULT,DE,CHF,14043,16712,
M1013541,,DEFAULT,DE,EUR,15308,18217,
M1013541,,DEFAULT,DE,CHF,17451,20767,
,519762,DEFAULT,DE,EUR,15308,18217,
,519762,DEFAULT,DE,CHF,17451,20767,
M1016129,,DEFAULT,DE,EUR,31704,37728,
M1016129,,DEFAULT,DE,CHF,36142,43009,
,520561,DEFAULT,DE,EUR,31704,37728,
,520561,DEFAULT,DE,CHF,36142,43009,
M55936,,DEFAULT,DE,EUR,22323,26564,
M55936,,DEFAULT,DE,CHF,25448,30282,
,544183,DEFAULT,DE,EUR,22323,26564,
,544183,DEFAULT,DE,CHF,25448,30282,
M1028702,,DEFAULT,DE,EUR,70354,83721,
M1028702,,DEFAULT,DE,CHF,80203,95441,
,573330,DEFAULT,DE,EUR,70354,83721,
,573330,DEFAULT,DE,CHF,80203,95441,
M58227,,DEFAULT,DE,EUR,9817,11682,
M58227,,DEFAULT,DE,CHF,11191,13317,
,573872,DEFAULT,DE,EUR,9817,11682,
,573872,DEFAULT,DE,CHF,11191,13317,
M58228,,DEFAULT,DE,EUR,12706,15120,
M58228,,DEFAULT,DE,CHF,14484,17236,
,573874,DEFAULT,DE,EUR,12706,15120,
,573874,DEFAULT,DE,CHF,14484,17236,
M58230,,DEFAULT,DE,EUR,20351,24218,
M58230,,DEFAULT,DE,CHF,23200,27608,
,573878,DEFAULT,DE,EUR,20351,24218,
,573878,DEFAULT,DE,CHF,23200,27608,
M58312,,DEFAULT,DE,EUR,19289,22954,
M58312,,DEFAULT,DE,CHF,21989,26167,
,573880,DEFAULT,DE,EUR,19289,22954,
,573880,DEFAULT,DE,CHF,21989,26167,
M58313,,DEFAULT,DE,EUR,20179,24013,
M58313,,DEFAULT,DE,CHF,23004,27374,
,573882,DEFAULT,DE,EUR,20179,24013,
,573882,DEFAULT,DE,CHF,23004,27374,
M58314,,DEFAULT,DE,EUR,20479,24370,
M58314,,DEFAULT,DE,CHF,23346,27781,
,573884,DEFAULT,DE,EUR,20479,24370,
,573884,DEFAULT,DE,CHF,23346,27781,
M54107,,DEFAULT,DE,EUR,29970,35665,
M54107,,DEFAULT,DE,CHF,34165,40658,
,573887,DEFAULT,DE,EUR,29970,35665,
,573887,DEFAULT,DE,CHF,34165,40658,
M54110,,DEFAULT,DE,EUR,56660,67426,
M54110,,DEFAULT,DE,CHF,64592,76865,
,573888,DEFAULT,DE,EUR,56660,67426,
,573888,DEFAULT,DE,CHF,64592,76865,
M54111,,DEFAULT,DE,EUR,54942,65381,
M54111,,DEFAULT,DE,CHF,62633,74534,
,573889,DEFAULT,DE,EUR,54942,65381,
,573889,DEFAULT,DE,CHF,62633,74534,
M54113,,DEFAULT,DE,EUR,100549,119653,
M54113,,DEFAULT,DE,CHF,114625,136404,
,573890,DEFAULT,DE,EUR,100549,119653,
,573890,DEFAULT,DE,CHF,114625,136404,
M55937,,DEFAULT,DE,EUR,40159,47789,
M55937,,DEFAULT,DE,CHF,45781,54479,
,573906,DEFAULT,DE,EUR,40159,47789,
,573906,DEFAULT,DE,CHF,45781,54479,
M1018211,,DEFAULT,DE,EUR,36234,43118,
M1018211,,DEFAULT,DE,CHF,41306,49154,
,573939,DEFAULT,DE,EUR,36234,43118,
,573939,DEFAULT,DE,CHF,41306,49154,
M635,,DEFAULT,DE,EUR,105179,125163,
M635,,DEFAULT,DE,CHF,119904,142685,
,574598,DEFAULT,DE,EUR,105179,125163,
,574598,DEFAULT,DE,CHF,119904,142685,
M1014496,,DEFAULT,DE,EUR,120276,143129,
M1014496,,DEFAULT,DE,CHF,137114,163167,
,574599,DEFAULT,DE,EUR,120276,143129,
,574599,DEFAULT,DE,CHF,137114,163167,
M636,,DEFAULT,DE,EUR,153491,182654,
M636,,DEFAULT,DE,CHF,174979,208225,
,574601,DEFAULT,DE,EUR,153491,182654,
,574601,DEFAULT,DE,CHF,174979,208225,
M74966,,DEFAULT,DE,EUR,153491,182654,
M74966,,DEFAULT,DE,CHF,174979,208225,
,574602,DEFAULT,DE,EUR,153491,182654,
,574602,DEFAULT,DE,CHF,174979,208225,
M1014502,,DEFAULT,DE,EUR,158523,188643,
M1014502,,DEFAULT,DE,CHF,180716,215053,
,574603,DEFAULT,DE,EUR,158523,188643,
,574603,DEFAULT,DE,CHF,180716,215053,
M1028095,,DEFAULT,DE,EUR,8343,9929,
M1028095,,DEFAULT,DE,CHF,9511,11319,
,574969,DEFAULT,DE,EUR,8343,9929,
,574969,DEFAULT,DE,CHF,9511,11319,
M49320,,DEFAULT,DE,EUR,73373,87314,
M49320,,DEFAULT,DE,CHF,83645,99537,
,574971,DEFAULT,DE,EUR,73373,87314,
,574971,DEFAULT,DE,CHF,83645,99537,
M78380,,DEFAULT,DE,EUR,76121,90585,
M78380,,DEFAULT,DE,CHF,86777,103266,
,574972,DEFAULT,DE,EUR,76121,90585,
,574972,DEFAULT,DE,CHF,86777,103266,
M90850,,DEFAULT,DE,EUR,100549,119653,
M90850,,DEFAULT,DE,CHF,114625,136404,
,574973,DEFAULT,DE,EUR,100549,119653,
,574973,DEFAULT,DE,CHF,114625,136404,
M1017945,,DEFAULT,DE,EUR,36133,42998,
M1017945,,DEFAULT,DE,CHF,41191,49017,
,574987,DEFAULT,DE,EUR,36133,42998,
,574987,DEFAULT,DE,CHF,41191,49017,
M1017905,,DEFAULT,DE,EUR,73061,86943,
M1017905,,DEFAULT,DE,CHF,83289,99115,
M1017905,,ORIGINAL,DE,EUR,81178,96603,
M1017905,,ORIGINAL,DE,CHF,92543,110127,
,574995,DEFAULT,DE,EUR,73061,86943,
,574995,DEFAULT,DE,CHF,83289,99115,
,574995,ORIGINAL,DE,EUR,81178,96603,
,574995,ORIGINAL,DE,CHF,92543,110127,
M72939,,DEFAULT,DE,EUR,53730,63939,
M72939,,DEFAULT,DE,CHF,61252,72890,
,575056,DEFAULT,DE,EUR,53730,63939,
,575056,DEFAULT,DE,CHF,61252,72890,
M72940,,DEFAULT,DE,EUR,58263,69333,
M72940,,DEFAULT,DE,CHF,66419,79039,
,575057,DEFAULT,DE,EUR,58263,69333,
,575057,DEFAULT,DE,CHF,66419,79039,
M72942,,DEFAULT,DE,EUR,64495,76749,
M72942,,DEFAULT,DE,CHF,73524,87493,
,575058,DEFAULT,DE,EUR,64495,76749,
,575058,DEFAULT,DE,CHF,73524,87493,
M72943,,DEFAULT,DE,EUR,66289,78884,
M72943,,DEFAULT,DE,CHF,75569,89927,
,575059,DEFAULT,DE,EUR,66289,78884,
,575059,DEFAULT,DE,CHF,75569,89927,
M72944,,DEFAULT,DE,EUR,69878,83155,
M72944,,DEFAULT,DE,CHF,79660,94796,
,575060,DEFAULT,DE,EUR,69878,83155,
,575060,DEFAULT,DE,CHF,79660,94796,
M72945,,DEFAULT,DE,EUR,73466,87425,
M72945,,DEFAULT,DE,CHF,83751,99664,
,575061,DEFAULT,DE,EUR,73466,87425,
,575061,DEFAULT,DE,CHF,83751,99664,
M1017902,,DEFAULT,DE,EUR,66195,78772,
M1017902,,DEFAULT,DE,CHF,75462,89800,
,575065,DEFAULT,DE,EUR,66195,78772,
,575065,DEFAULT,DE,CHF,75462,89800,
M1022632,,DEFAULT,DE,EUR,35931,42757,
M1022632,,DEFAULT,DE,CHF,40961,48742,
,575186,DEFAULT,DE,EUR,35931,42757,
,575186,DEFAULT,DE,CHF,40961,48742,
M1022643,,DEFAULT,DE,EUR,35931,42757,
M1022643,,DEFAULT,DE,CHF,40961,48742,
,575191,DEFAULT,DE,EUR,35931,42757,
,575191,DEFAULT,DE,CHF,40961,48742,
M1022640,,DEFAULT,DE,EUR,30548,36352,
M1022640,,DEFAULT,DE,CHF,34824,41441,
,575193,DEFAULT,DE,EUR,30548,36352,
,575193,DEFAULT,DE,CHF,34824,41441,
M1028061,,DEFAULT,DE,EUR,22238,26464,
M1028061,,DEFAULT,DE,CHF,25351,30168,
,575257,DEFAULT,DE,EUR,22238,26464,
,575257,DEFAULT,DE,CHF,25351,30168,
M1028062,,DEFAULT,DE,EUR,24174,28767,
M1028062,,DEFAULT,DE,CHF,27558,32794,
,575260,DEFAULT,DE,EUR,24174,28767,
,575260,DEFAULT,DE,CHF,27558,32794,
M1030133,,DEFAULT,DE,EUR,14636,17417,
M1030133,,DEFAULT,DE,CHF,16685,19855,
,575284,DEFAULT,DE,EUR,14636,17417,
,575284,DEFAULT,DE,CHF,16685,19855,
M29930,,DEFAULT,DE,EUR,934857,1112479,
M29930,,DEFAULT,DE,CHF,1065736,1268226,
,621613,DEFAULT,DE,EUR,934857,1112479,
,621613,DEFAULT,DE,CHF,1065736,1268226,
M29929,,DEFAULT,DE,EUR,840427,1000108,
M29929,,DEFAULT,DE,CHF,958086,1140123,
,621614,DEFAULT,DE,EUR,840427,1000108,
,621614,DEFAULT,DE,CHF,958086,1140123,
M29931,,DEFAULT,DE,EUR,774326,921447,
M29931,,DEFAULT,DE,CHF,882731,1050449,
,621618,DEFAULT,DE,EUR,774326,921447,
,621618,DEFAULT,DE,CHF,882731,1050449,
M1028483,,DEFAULT,DE,EUR,22268,26499,
M1028483,,DEFAULT,DE,CHF,25385,30208,
,632992,DEFAULT,DE,EUR,22268,26499,
,632992,DEFAULT,DE,CHF,25385,30208,
M21705,,DEFAULT,DE,EUR,1614,1920,
M21705,,DEFAULT,DE,CHF,1839,2188,
,655941,DEFAULT,DE,EUR,1614,1920,
,655941,DEFAULT,DE,CHF,1839,2188,
M83,,DEFAULT,DE,EUR,9782,11641,
M83,,DEFAULT,DE,CHF,11151,13270,
,657712,DEFAULT,DE,EUR,9782,11641,
,657712,DEFAULT,DE,CHF,11151,13270,
M84,,DEFAULT,DE,EUR,9782,11641,
M84,,DEFAULT,DE,CHF,11151,13270,
,657713,DEFAULT,DE,EUR,9782,11641,
,657713,DEFAULT,DE,CHF,11151,13270,
M85,,DEFAULT,DE,EUR,9782,11641,
M85,,DEFAULT,DE,CHF,11151,13270,
,657714,DEFAULT,DE,EUR,9782,11641,
,657714,DEFAULT,DE,CHF,11151,13270,
M86,,DEFAULT,DE,EUR,9782,11641,
M86,,DEFAULT,DE,CHF,11151,13270,
,657715,DEFAULT,DE,EUR,9782,11641,
,657715,DEFAULT,DE,CHF,11151,13270,
M87,,DEFAULT,DE,EUR,9782,11641,
M87,,DEFAULT,DE,CHF,11151,13270,
,657716,DEFAULT,DE,EUR,9782,11641,
,657716,DEFAULT,DE,CHF,11151,13270,
M111,,DEFAULT,DE,EUR,16052,19102,
M111,,DEFAULT,DE,CHF,18299,21776,
,673327,DEFAULT,DE,EUR,16052,19102,
,673327,DEFAULT,DE,CHF,18299,21776,
B0001,,DEFAULT,DE,EUR,104257,124023,
B0001,,DEFAULT,DE,CHF,118810,235717,
B0001,,ORIGINAL,DE,EUR,115799,137802,
B0001,,ORIGINAL,DE,CHF,132010,156244,
,000101,DEFAULT,DE,EUR,104257,124023,
,000101,DEFAULT,DE,CHF,118810,235717,
,000101,ORIGINAL,DE,EUR,115799,137802,
,000101,ORIGINAL,DE,CHF,132010,156244,
B0002,,DEFAULT,DE,EUR,28918,34413,
B0002,,DEFAULT,DE,CHF,32965,39230,
,000201,DEFAULT,DE,EUR,28918,34413,
,000201,DEFAULT,DE,CHF,32965,39230,
M12656,,DEFAULT,DE,EUR,20190,24026,
M12656,,DEFAULT,DE,CHF,23016,27389,
,107255,DEFAULT,DE,EUR,20190,24026,
,107255,DEFAULT,DE,CHF,23016,27389,
fish-1,,DEFAULT,DE,EUR,29952,37440,
potato-1,,DEFAULT,DE,EUR,800,1000,
cable-hdmi-1,,DEFAULT,DE,EUR,800,1000,
,cable-hdmi-1-1,DEFAULT,DE,EUR,1200,1500,
,cable-hdmi-1-2,DEFAULT,DE,EUR,400,500,
cable-vga-1,,DEFAULT,DE,EUR,800,1000,
,cable-vga-1-1,DEFAULT,DE,EUR,1200,1500,
,cable-vga-1-2,DEFAULT,DE,EUR,400,500,
